,name,date,NO2,Pre-Shelter in place mean,Post-Shelter in place mean
0,Redwood City,2020-02-01,0.012604347826086956,0.011839483989298653,
1,San Francisco-Arkansas Street,2020-02-01,0.014078260869565217,0.011839483989298653,
2,Vallejo-304 Tuolumne Street,2020-02-01,0.01138695652173913,0.011839483989298653,
3,San Rafael,2020-02-01,0.010365217391304346,0.011839483989298653,
4,Concord-2956-A Treat Blvd,2020-02-01,0.00961304347826087,0.011839483989298653,
5,Oakland-9925 International Blvd,2020-02-01,0.016652173913043477,0.011839483989298653,
6,Livermore-793 Rincon Avenue,2020-02-01,0.011734782608695654,0.011839483989298653,
7,San Jose-Jackson Street,2020-02-01,0.014072727272727271,0.011839483989298653,
8,San Pablo-Rumrill Blvd,2020-02-01,0.010504347826086956,0.011839483989298653,
9,Oakland-West,2020-02-01,0.016643478260869565,0.011839483989298653,
10,Oakland-Laney College                   ,2020-02-01,0.019821739130434786,0.011839483989298653,
11,Sebastopol-103 Morris Street            ,2020-02-01,0.004208695652173913,0.011839483989298653,
12,San Jose-Knox Avenue                    ,2020-02-01,0.018091304347826086,0.011839483989298653,
13,Berkeley-Aquatic Park                   ,2020-02-01,0.018230434782608697,0.011839483989298653,
14,Napa-Valley College,2020-02-01,0.006569565217391304,0.011839483989298653,
15,Pleasanton-Owens Ct                     ,2020-02-01,0.013708695652173914,0.011839483989298653,
16,Redwood City,2020-02-02,0.004243478260869566,0.011839483989298653,
17,San Francisco-Arkansas Street,2020-02-02,0.004482608695652175,0.011839483989298653,
18,Vallejo-304 Tuolumne Street,2020-02-02,0.002578260869565217,0.011839483989298653,
19,San Rafael,2020-02-02,0.002308695652173913,0.011839483989298653,
20,Concord-2956-A Treat Blvd,2020-02-02,0.004004347826086956,0.011839483989298653,
21,Oakland-9925 International Blvd,2020-02-02,0.005795652173913042,0.011839483989298653,
22,Livermore-793 Rincon Avenue,2020-02-02,0.004552173913043477,0.011839483989298653,
23,San Jose-Jackson Street,2020-02-02,0.0044181818181818185,0.011839483989298653,
24,San Pablo-Rumrill Blvd,2020-02-02,0.003808695652173913,0.011839483989298653,
25,Oakland-West,2020-02-02,0.006256521739130435,0.011839483989298653,
26,Oakland-Laney College                   ,2020-02-02,0.008539130434782608,0.011839483989298653,
27,Sebastopol-103 Morris Street            ,2020-02-02,0.0022869565217391303,0.011839483989298653,
28,San Jose-Knox Avenue                    ,2020-02-02,0.00843913043478261,0.011839483989298653,
29,Berkeley-Aquatic Park                   ,2020-02-02,0.00823478260869565,0.011839483989298653,
30,Napa-Valley College,2020-02-02,0.0039782608695652175,0.011839483989298653,
31,Pleasanton-Owens Ct                     ,2020-02-02,0.006930434782608695,0.011839483989298653,
32,Redwood City,2020-02-03,0.009130434782608695,0.011839483989298653,
33,San Francisco-Arkansas Street,2020-02-03,0.006256521739130435,0.011839483989298653,
34,Vallejo-304 Tuolumne Street,2020-02-03,0.011421739130434785,0.011839483989298653,
35,San Rafael,2020-02-03,0.007569565217391303,0.011839483989298653,
36,Concord-2956-A Treat Blvd,2020-02-03,0.010543478260869566,0.011839483989298653,
37,Oakland-9925 International Blvd,2020-02-03,0.00886086956521739,0.011839483989298653,
38,Livermore-793 Rincon Avenue,2020-02-03,0.007965217391304348,0.011839483989298653,
39,San Jose-Jackson Street,2020-02-03,0.016068421052631576,0.011839483989298653,
40,San Pablo-Rumrill Blvd,2020-02-03,0.0022347826086956527,0.011839483989298653,
41,Oakland-West,2020-02-03,0.007995652173913044,0.011839483989298653,
42,Oakland-Laney College                   ,2020-02-03,0.0060521739130434795,0.011839483989298653,
43,Sebastopol-103 Morris Street            ,2020-02-03,0.00692608695652174,0.011839483989298653,
44,San Jose-Knox Avenue                    ,2020-02-03,0.017200000000000003,0.011839483989298653,
45,Berkeley-Aquatic Park                   ,2020-02-03,0.01263809523809524,0.011839483989298653,
46,Napa-Valley College,2020-02-03,0.007791304347826088,0.011839483989298653,
47,Pleasanton-Owens Ct                     ,2020-02-03,0.01417391304347826,0.011839483989298653,
48,Redwood City,2020-02-04,0.011152173913043479,0.011839483989298653,
49,San Francisco-Arkansas Street,2020-02-04,0.012865217391304345,0.011839483989298653,
50,Vallejo-304 Tuolumne Street,2020-02-04,0.012286956521739131,0.011839483989298653,
51,San Rafael,2020-02-04,0.01282608695652174,0.011839483989298653,
52,Concord-2956-A Treat Blvd,2020-02-04,0.014043478260869569,0.011839483989298653,
53,Oakland-9925 International Blvd,2020-02-04,0.01251304347826087,0.011839483989298653,
54,Livermore-793 Rincon Avenue,2020-02-04,0.007434782608695651,0.011839483989298653,
55,San Jose-Jackson Street,2020-02-04,0.017236842105263158,0.011839483989298653,
56,San Pablo-Rumrill Blvd,2020-02-04,0.007891304347826087,0.011839483989298653,
57,Oakland-West,2020-02-04,0.015330434782608697,0.011839483989298653,
58,Oakland-Laney College                   ,2020-02-04,0.015634782608695653,0.011839483989298653,
59,Sebastopol-103 Morris Street            ,2020-02-04,0.0069,0.011839483989298653,
60,San Jose-Knox Avenue                    ,2020-02-04,0.01635909090909091,0.011839483989298653,
61,Berkeley-Aquatic Park                   ,2020-02-04,0.018565217391304345,0.011839483989298653,
62,Napa-Valley College,2020-02-04,0.007066666666666668,0.011839483989298653,
63,Pleasanton-Owens Ct                     ,2020-02-04,0.020105555555555557,0.011839483989298653,
64,Redwood City,2020-02-05,0.021004347826086955,0.011839483989298653,
65,San Francisco-Arkansas Street,2020-02-05,0.02051739130434782,0.011839483989298653,
66,Vallejo-304 Tuolumne Street,2020-02-05,0.020647826086956523,0.011839483989298653,
67,San Rafael,2020-02-05,0.018599999999999995,0.011839483989298653,
68,Concord-2956-A Treat Blvd,2020-02-05,0.016356521739130436,0.011839483989298653,
69,Oakland-9925 International Blvd,2020-02-05,0.019273913043478256,0.011839483989298653,
70,Livermore-793 Rincon Avenue,2020-02-05,0.020813043478260868,0.011839483989298653,
71,San Jose-Jackson Street,2020-02-05,0.022359090909090915,0.011839483989298653,
72,San Pablo-Rumrill Blvd,2020-02-05,0.014143478260869561,0.011839483989298653,
73,Oakland-West,2020-02-05,0.028069565217391308,0.011839483989298653,
74,Oakland-Laney College                   ,2020-02-05,0.030208695652173923,0.011839483989298653,
75,Sebastopol-103 Morris Street            ,2020-02-05,0.008495652173913041,0.011839483989298653,
76,San Jose-Knox Avenue                    ,2020-02-05,0.026069565217391306,0.011839483989298653,
77,Berkeley-Aquatic Park                   ,2020-02-05,0.027628571428571426,0.011839483989298653,
78,Napa-Valley College,2020-02-05,0.011978260869565218,0.011839483989298653,
79,Pleasanton-Owens Ct                     ,2020-02-05,0.025239130434782608,0.011839483989298653,
80,Redwood City,2020-02-06,0.019956521739130432,0.011839483989298653,
81,San Francisco-Arkansas Street,2020-02-06,0.020139130434782607,0.011839483989298653,
82,Vallejo-304 Tuolumne Street,2020-02-06,0.01952608695652174,0.011839483989298653,
83,San Rafael,2020-02-06,0.016643478260869565,0.011839483989298653,
84,Concord-2956-A Treat Blvd,2020-02-06,0.01290869565217391,0.011839483989298653,
85,Oakland-9925 International Blvd,2020-02-06,0.02172173913043478,0.011839483989298653,
86,Livermore-793 Rincon Avenue,2020-02-06,0.017356521739130434,0.011839483989298653,
87,San Jose-Jackson Street,2020-02-06,0.02447777777777778,0.011839483989298653,
88,San Pablo-Rumrill Blvd,2020-02-06,0.014934782608695652,0.011839483989298653,
89,Oakland-West,2020-02-06,0.023395238095238097,0.011839483989298653,
90,Oakland-Laney College                   ,2020-02-06,0.027986956521739128,0.011839483989298653,
91,Sebastopol-103 Morris Street            ,2020-02-06,0.0075,0.011839483989298653,
92,San Jose-Knox Avenue                    ,2020-02-06,0.02500869565217391,0.011839483989298653,
93,Berkeley-Aquatic Park                   ,2020-02-06,0.025430434782608695,0.011839483989298653,
94,Napa-Valley College,2020-02-06,0.011347826086956522,0.011839483989298653,
95,Pleasanton-Owens Ct                     ,2020-02-06,0.02070434782608696,0.011839483989298653,
96,Redwood City,2020-02-07,0.01834545454545455,0.011839483989298653,
97,San Francisco-Arkansas Street,2020-02-07,0.016527272727272724,0.011839483989298653,
98,Vallejo-304 Tuolumne Street,2020-02-07,0.015272727272727271,0.011839483989298653,
99,San Rafael,2020-02-07,0.014754545454545454,0.011839483989298653,
100,Concord-2956-A Treat Blvd,2020-02-07,0.014699999999999998,0.011839483989298653,
101,Oakland-9925 International Blvd,2020-02-07,0.01898695652173913,0.011839483989298653,
102,Livermore-793 Rincon Avenue,2020-02-07,0.01861739130434783,0.011839483989298653,
103,San Jose-Jackson Street,2020-02-07,0.018981818181818183,0.011839483989298653,
104,San Pablo-Rumrill Blvd,2020-02-07,0.014460869565217391,0.011839483989298653,
105,Oakland-West,2020-02-07,0.02212727272727273,0.011839483989298653,
106,Oakland-Laney College                   ,2020-02-07,0.024391304347826083,0.011839483989298653,
107,Sebastopol-103 Morris Street            ,2020-02-07,0.006191304347826088,0.011839483989298653,
108,San Jose-Knox Avenue                    ,2020-02-07,0.024221739130434784,0.011839483989298653,
109,Berkeley-Aquatic Park                   ,2020-02-07,0.021473913043478263,0.011839483989298653,
110,Napa-Valley College,2020-02-07,0.008869565217391306,0.011839483989298653,
111,Pleasanton-Owens Ct                     ,2020-02-07,0.02331304347826087,0.011839483989298653,
112,Redwood City,2020-02-08,0.008956521739130436,0.011839483989298653,
113,San Francisco-Arkansas Street,2020-02-08,0.008478260869565216,0.011839483989298653,
114,Vallejo-304 Tuolumne Street,2020-02-08,0.007282608695652173,0.011839483989298653,
115,San Rafael,2020-02-08,0.008417391304347824,0.011839483989298653,
116,Concord-2956-A Treat Blvd,2020-02-08,0.008017391304347827,0.011839483989298653,
117,Oakland-9925 International Blvd,2020-02-08,0.010417391304347825,0.011839483989298653,
118,Livermore-793 Rincon Avenue,2020-02-08,0.012652173913043477,0.011839483989298653,
119,San Jose-Jackson Street,2020-02-08,0.00994090909090909,0.011839483989298653,
120,San Pablo-Rumrill Blvd,2020-02-08,0.006873913043478261,0.011839483989298653,
121,Oakland-West,2020-02-08,0.008578260869565217,0.011839483989298653,
122,Oakland-Laney College                   ,2020-02-08,0.010991304347826086,0.011839483989298653,
123,Sebastopol-103 Morris Street            ,2020-02-08,0.0034826086956521746,0.011839483989298653,
124,San Jose-Knox Avenue                    ,2020-02-08,0.013821739130434784,0.011839483989298653,
125,Berkeley-Aquatic Park                   ,2020-02-08,0.010647826086956523,0.011839483989298653,
126,Napa-Valley College,2020-02-08,0.006391304347826088,0.011839483989298653,
127,Pleasanton-Owens Ct                     ,2020-02-08,0.01486086956521739,0.011839483989298653,
128,Redwood City,2020-02-09,0.003190909090909091,0.011839483989298653,
129,San Francisco-Arkansas Street,2020-02-09,0.004365217391304348,0.011839483989298653,
130,Vallejo-304 Tuolumne Street,2020-02-09,0.003121739130434783,0.011839483989298653,
131,San Rafael,2020-02-09,0.002678260869565217,0.011839483989298653,
132,Concord-2956-A Treat Blvd,2020-02-09,0.002708695652173912,0.011839483989298653,
133,Oakland-9925 International Blvd,2020-02-09,0.004908695652173913,0.011839483989298653,
134,Livermore-793 Rincon Avenue,2020-02-09,0.0011565217391304348,0.011839483989298653,
135,San Jose-Jackson Street,2020-02-09,0.005168181818181818,0.011839483989298653,
136,San Pablo-Rumrill Blvd,2020-02-09,0.0017000000000000001,0.011839483989298653,
137,Oakland-West,2020-02-09,0.0044,0.011839483989298653,
138,Oakland-Laney College                   ,2020-02-09,0.0052304347826086965,0.011839483989298653,
139,Sebastopol-103 Morris Street            ,2020-02-09,0.001165217391304348,0.011839483989298653,
140,San Jose-Knox Avenue                    ,2020-02-09,0.007823809523809523,0.011839483989298653,
141,Berkeley-Aquatic Park                   ,2020-02-09,0.0038173913043478254,0.011839483989298653,
142,Napa-Valley College,2020-02-09,0.0015086956521739127,0.011839483989298653,
143,Pleasanton-Owens Ct                     ,2020-02-09,0.0038391304347826084,0.011839483989298653,
144,Redwood City,2020-02-10,0.018456521739130437,0.011839483989298653,
145,San Francisco-Arkansas Street,2020-02-10,0.017056521739130432,0.011839483989298653,
146,Vallejo-304 Tuolumne Street,2020-02-10,0.01806363636363637,0.011839483989298653,
147,San Rafael,2020-02-10,0.01909565217391304,0.011839483989298653,
148,Concord-2956-A Treat Blvd,2020-02-10,0.013965217391304347,0.011839483989298653,
149,Oakland-9925 International Blvd,2020-02-10,0.01759090909090909,0.011839483989298653,
150,Livermore-793 Rincon Avenue,2020-02-10,0.006634782608695652,0.011839483989298653,
151,San Jose-Jackson Street,2020-02-10,0.016309090909090912,0.011839483989298653,
152,San Pablo-Rumrill Blvd,2020-02-10,0.01581304347826087,0.011839483989298653,
153,Oakland-West,2020-02-10,0.02121363636363637,0.011839483989298653,
154,Oakland-Laney College                   ,2020-02-10,0.026631818181818187,0.011839483989298653,
155,Sebastopol-103 Morris Street            ,2020-02-10,0.005204347826086958,0.011839483989298653,
156,San Jose-Knox Avenue                    ,2020-02-10,0.020114285714285713,0.011839483989298653,
157,Berkeley-Aquatic Park                   ,2020-02-10,0.020868181818181817,0.011839483989298653,
158,Napa-Valley College,2020-02-10,0.0031565217391304355,0.011839483989298653,
159,Pleasanton-Owens Ct                     ,2020-02-10,0.018760869565217397,0.011839483989298653,
160,Redwood City,2020-02-11,0.02331111111111111,0.011839483989298653,
161,San Francisco-Arkansas Street,2020-02-11,0.021365217391304345,0.011839483989298653,
162,Vallejo-304 Tuolumne Street,2020-02-11,0.020736363636363636,0.011839483989298653,
163,San Rafael,2020-02-11,0.017756521739130435,0.011839483989298653,
164,Concord-2956-A Treat Blvd,2020-02-11,0.006634782608695653,0.011839483989298653,
165,Oakland-9925 International Blvd,2020-02-11,0.01705217391304348,0.011839483989298653,
166,Livermore-793 Rincon Avenue,2020-02-11,0.0089,0.011839483989298653,
167,San Jose-Jackson Street,2020-02-11,0.020186363636363638,0.011839483989298653,
168,San Pablo-Rumrill Blvd,2020-02-11,0.015643478260869564,0.011839483989298653,
169,Oakland-West,2020-02-11,0.02357826086956522,0.011839483989298653,
170,Oakland-Laney College                   ,2020-02-11,0.03321304347826087,0.011839483989298653,
171,Sebastopol-103 Morris Street            ,2020-02-11,0.00761304347826087,0.011839483989298653,
172,San Jose-Knox Avenue                    ,2020-02-11,0.02164782608695652,0.011839483989298653,
173,Berkeley-Aquatic Park                   ,2020-02-11,0.021500000000000002,0.011839483989298653,
174,Napa-Valley College,2020-02-11,0.006776190476190476,0.011839483989298653,
175,Pleasanton-Owens Ct                     ,2020-02-11,0.02446086956521739,0.011839483989298653,
176,Redwood City,2020-02-12,0.020960869565217387,0.011839483989298653,
177,San Francisco-Arkansas Street,2020-02-12,0.020521739130434785,0.011839483989298653,
178,Vallejo-304 Tuolumne Street,2020-02-12,0.020360869565217394,0.011839483989298653,
179,San Rafael,2020-02-12,0.017643478260869566,0.011839483989298653,
180,Concord-2956-A Treat Blvd,2020-02-12,0.011295652173913042,0.011839483989298653,
181,Oakland-9925 International Blvd,2020-02-12,0.019947826086956524,0.011839483989298653,
182,Livermore-793 Rincon Avenue,2020-02-12,0.017004347826086955,0.011839483989298653,
183,San Jose-Jackson Street,2020-02-12,0.018018181818181822,0.011839483989298653,
184,San Pablo-Rumrill Blvd,2020-02-12,0.013317391304347824,0.011839483989298653,
185,Oakland-West,2020-02-12,0.021534782608695652,0.011839483989298653,
186,Oakland-Laney College                   ,2020-02-12,0.027595652173913045,0.011839483989298653,
187,Sebastopol-103 Morris Street            ,2020-02-12,0.006986956521739131,0.011839483989298653,
188,San Jose-Knox Avenue                    ,2020-02-12,0.024221739130434784,0.011839483989298653,
189,Berkeley-Aquatic Park                   ,2020-02-12,0.02075652173913043,0.011839483989298653,
190,Napa-Valley College,2020-02-12,0.01126521739130435,0.011839483989298653,
191,Pleasanton-Owens Ct                     ,2020-02-12,0.024573913043478272,0.011839483989298653,
192,Redwood City,2020-02-13,0.010069565217391304,0.011839483989298653,
193,San Francisco-Arkansas Street,2020-02-13,0.004591304347826088,0.011839483989298653,
194,Vallejo-304 Tuolumne Street,2020-02-13,0.004730434782608694,0.011839483989298653,
195,San Rafael,2020-02-13,0.01105238095238095,0.011839483989298653,
196,Concord-2956-A Treat Blvd,2020-02-13,0.008308695652173913,0.011839483989298653,
197,Oakland-9925 International Blvd,2020-02-13,0.00856086956521739,0.011839483989298653,
198,Livermore-793 Rincon Avenue,2020-02-13,0.011743478260869564,0.011839483989298653,
199,San Jose-Jackson Street,2020-02-13,0.007790909090909088,0.011839483989298653,
200,San Pablo-Rumrill Blvd,2020-02-13,0.006147826086956521,0.011839483989298653,
201,Oakland-West,2020-02-13,0.010704347826086957,0.011839483989298653,
202,Oakland-Laney College                   ,2020-02-13,0.015808695652173913,0.011839483989298653,
203,Sebastopol-103 Morris Street            ,2020-02-13,0.003930434782608696,0.011839483989298653,
204,San Jose-Knox Avenue                    ,2020-02-13,0.01407391304347826,0.011839483989298653,
205,Berkeley-Aquatic Park                   ,2020-02-13,0.014204347826086951,0.011839483989298653,
206,Napa-Valley College,2020-02-13,0.0054130434782608695,0.011839483989298653,
207,Pleasanton-Owens Ct                     ,2020-02-13,0.01771304347826087,0.011839483989298653,
208,Redwood City,2020-02-14,0.010459090909090911,0.011839483989298653,
209,San Francisco-Arkansas Street,2020-02-14,0.010845454545454545,0.011839483989298653,
210,Vallejo-304 Tuolumne Street,2020-02-14,0.007877272727272728,0.011839483989298653,
211,San Rafael,2020-02-14,0.007909090909090909,0.011839483989298653,
212,Concord-2956-A Treat Blvd,2020-02-14,0.005134782608695653,0.011839483989298653,
213,Oakland-9925 International Blvd,2020-02-14,0.011708695652173912,0.011839483989298653,
214,Livermore-793 Rincon Avenue,2020-02-14,0.007626086956521739,0.011839483989298653,
215,San Jose-Jackson Street,2020-02-14,0.012409090909090908,0.011839483989298653,
216,San Pablo-Rumrill Blvd,2020-02-14,0.009182608695652175,0.011839483989298653,
217,Oakland-West,2020-02-14,0.01307272727272727,0.011839483989298653,
218,Oakland-Laney College                   ,2020-02-14,0.01825652173913044,0.011839483989298653,
219,Sebastopol-103 Morris Street            ,2020-02-14,0.004208695652173912,0.011839483989298653,
220,San Jose-Knox Avenue                    ,2020-02-14,0.015200000000000002,0.011839483989298653,
221,Berkeley-Aquatic Park                   ,2020-02-14,0.01579130434782609,0.011839483989298653,
222,Napa-Valley College,2020-02-14,0.0064173913043478244,0.011839483989298653,
223,Pleasanton-Owens Ct                     ,2020-02-14,0.015013043478260867,0.011839483989298653,
224,Redwood City,2020-02-15,0.011604347826086958,0.011839483989298653,
225,San Francisco-Arkansas Street,2020-02-15,0.008478260869565218,0.011839483989298653,
226,Vallejo-304 Tuolumne Street,2020-02-15,0.010830434782608695,0.011839483989298653,
227,San Rafael,2020-02-15,0.008669565217391303,0.011839483989298653,
228,Concord-2956-A Treat Blvd,2020-02-15,0.009730434782608696,0.011839483989298653,
229,Oakland-9925 International Blvd,2020-02-15,0.012091304347826088,0.011839483989298653,
230,Livermore-793 Rincon Avenue,2020-02-15,0.012808695652173909,0.011839483989298653,
231,San Jose-Jackson Street,2020-02-15,0.014245454545454546,0.011839483989298653,
232,San Pablo-Rumrill Blvd,2020-02-15,0.014260869565217393,0.011839483989298653,
233,Oakland-West,2020-02-15,0.016634782608695657,0.011839483989298653,
234,Oakland-Laney College                   ,2020-02-15,0.019552173913043484,0.011839483989298653,
235,Sebastopol-103 Morris Street            ,2020-02-15,0.006130434782608696,0.011839483989298653,
236,San Jose-Knox Avenue                    ,2020-02-15,0.018547826086956522,0.011839483989298653,
237,Berkeley-Aquatic Park                   ,2020-02-15,0.0166,0.011839483989298653,
238,Napa-Valley College,2020-02-15,0.007195652173913044,0.011839483989298653,
239,Pleasanton-Owens Ct                     ,2020-02-15,0.014643478260869562,0.011839483989298653,
240,Redwood City,2020-02-16,0.006060869565217391,0.011839483989298653,
241,San Francisco-Arkansas Street,2020-02-16,0.006491304347826086,0.011839483989298653,
242,Vallejo-304 Tuolumne Street,2020-02-16,0.0026826086956521734,0.011839483989298653,
243,San Rafael,2020-02-16,0.0030739130434782607,0.011839483989298653,
244,Concord-2956-A Treat Blvd,2020-02-16,0.004860869565217391,0.011839483989298653,
245,Oakland-9925 International Blvd,2020-02-16,0.007865217391304347,0.011839483989298653,
247,San Jose-Jackson Street,2020-02-16,0.010445454545454546,0.011839483989298653,
248,San Pablo-Rumrill Blvd,2020-02-16,0.00743913043478261,0.011839483989298653,
249,Oakland-West,2020-02-16,0.010586956521739127,0.011839483989298653,
250,Oakland-Laney College                   ,2020-02-16,0.012082608695652171,0.011839483989298653,
251,Sebastopol-103 Morris Street            ,2020-02-16,0.005226086956521739,0.011839483989298653,
252,San Jose-Knox Avenue                    ,2020-02-16,0.012360869565217389,0.011839483989298653,
253,Berkeley-Aquatic Park                   ,2020-02-16,0.013543478260869565,0.011839483989298653,
254,Napa-Valley College,2020-02-16,0.00458695652173913,0.011839483989298653,
255,Pleasanton-Owens Ct                     ,2020-02-16,0.010252173913043481,0.011839483989298653,
256,Redwood City,2020-02-17,0.011934782608695653,0.011839483989298653,
257,San Francisco-Arkansas Street,2020-02-17,0.015278260869565219,0.011839483989298653,
258,Vallejo-304 Tuolumne Street,2020-02-17,0.013056521739130435,0.011839483989298653,
259,San Rafael,2020-02-17,0.01316086956521739,0.011839483989298653,
260,Concord-2956-A Treat Blvd,2020-02-17,0.008895652173913044,0.011839483989298653,
261,Oakland-9925 International Blvd,2020-02-17,0.014478260869565216,0.011839483989298653,
263,San Jose-Jackson Street,2020-02-17,0.012054545454545455,0.011839483989298653,
264,San Pablo-Rumrill Blvd,2020-02-17,0.00872608695652174,0.011839483989298653,
265,Oakland-West,2020-02-17,0.018934782608695647,0.011839483989298653,
266,Oakland-Laney College                   ,2020-02-17,0.02172608695652174,0.011839483989298653,
267,Sebastopol-103 Morris Street            ,2020-02-17,0.0065782608695652165,0.011839483989298653,
268,San Jose-Knox Avenue                    ,2020-02-17,0.014521739130434782,0.011839483989298653,
269,Berkeley-Aquatic Park                   ,2020-02-17,0.02018695652173913,0.011839483989298653,
270,Napa-Valley College,2020-02-17,0.008139130434782609,0.011839483989298653,
271,Pleasanton-Owens Ct                     ,2020-02-17,0.013121739130434783,0.011839483989298653,
272,Redwood City,2020-02-18,0.017377272727272727,0.011839483989298653,
273,San Francisco-Arkansas Street,2020-02-18,0.017708695652173916,0.011839483989298653,
274,Vallejo-304 Tuolumne Street,2020-02-18,0.01213478260869565,0.011839483989298653,
275,San Rafael,2020-02-18,0.014878260869565217,0.011839483989298653,
276,Concord-2956-A Treat Blvd,2020-02-18,0.008608695652173913,0.011839483989298653,
277,Oakland-9925 International Blvd,2020-02-18,0.014708695652173913,0.011839483989298653,
278,Livermore-793 Rincon Avenue,2020-02-18,0.010253333333333333,0.011839483989298653,
279,San Jose-Jackson Street,2020-02-18,0.018745454545454544,0.011839483989298653,
280,San Pablo-Rumrill Blvd,2020-02-18,0.013078260869565218,0.011839483989298653,
281,Oakland-West,2020-02-18,0.022917391304347823,0.011839483989298653,
282,Oakland-Laney College                   ,2020-02-18,0.03166521739130435,0.011839483989298653,
283,Sebastopol-103 Morris Street            ,2020-02-18,0.00837391304347826,0.011839483989298653,
284,San Jose-Knox Avenue                    ,2020-02-18,0.024373913043478267,0.011839483989298653,
285,Berkeley-Aquatic Park                   ,2020-02-18,0.0232695652173913,0.011839483989298653,
286,Napa-Valley College,2020-02-18,0.01151111111111111,0.011839483989298653,
287,Pleasanton-Owens Ct                     ,2020-02-18,0.011456521739130435,0.011839483989298653,
288,Redwood City,2020-02-19,0.019204347826086956,0.011839483989298653,
289,San Francisco-Arkansas Street,2020-02-19,0.01477391304347826,0.011839483989298653,
290,Vallejo-304 Tuolumne Street,2020-02-19,0.018230434782608697,0.011839483989298653,
291,San Rafael,2020-02-19,0.013191304347826087,0.011839483989298653,
292,Concord-2956-A Treat Blvd,2020-02-19,0.011256521739130432,0.011839483989298653,
293,Oakland-9925 International Blvd,2020-02-19,0.018947826086956523,0.011839483989298653,
294,Livermore-793 Rincon Avenue,2020-02-19,0.018613043478260868,0.011839483989298653,
295,San Jose-Jackson Street,2020-02-19,0.0219,0.011839483989298653,
296,San Pablo-Rumrill Blvd,2020-02-19,0.014125000000000002,0.011839483989298653,
297,Oakland-West,2020-02-19,0.021299999999999996,0.011839483989298653,
298,Oakland-Laney College                   ,2020-02-19,0.02272608695652174,0.011839483989298653,
299,Sebastopol-103 Morris Street            ,2020-02-19,0.006917391304347826,0.011839483989298653,
300,San Jose-Knox Avenue                    ,2020-02-19,0.0257695652173913,0.011839483989298653,
301,Berkeley-Aquatic Park                   ,2020-02-19,0.0208952380952381,0.011839483989298653,
302,Napa-Valley College,2020-02-19,0.011315,0.011839483989298653,
303,Pleasanton-Owens Ct                     ,2020-02-19,0.022156521739130432,0.011839483989298653,
304,Redwood City,2020-02-20,0.02067826086956522,0.011839483989298653,
305,San Francisco-Arkansas Street,2020-02-20,0.024286956521739126,0.011839483989298653,
306,Vallejo-304 Tuolumne Street,2020-02-20,0.01866521739130435,0.011839483989298653,
307,San Rafael,2020-02-20,0.015947826086956524,0.011839483989298653,
308,Concord-2956-A Treat Blvd,2020-02-20,0.01264090909090909,0.011839483989298653,
309,Oakland-9925 International Blvd,2020-02-20,0.01623913043478261,0.011839483989298653,
310,Livermore-793 Rincon Avenue,2020-02-20,0.016639130434782604,0.011839483989298653,
311,San Jose-Jackson Street,2020-02-20,0.025800000000000003,0.011839483989298653,
312,San Pablo-Rumrill Blvd,2020-02-20,0.012282608695652173,0.011839483989298653,
313,Oakland-West,2020-02-20,0.022717391304347825,0.011839483989298653,
314,Oakland-Laney College                   ,2020-02-20,0.02733478260869566,0.011839483989298653,
315,Sebastopol-103 Morris Street            ,2020-02-20,0.009513043478260872,0.011839483989298653,
316,San Jose-Knox Avenue                    ,2020-02-20,0.026921739130434778,0.011839483989298653,
317,Berkeley-Aquatic Park                   ,2020-02-20,0.025385714285714286,0.011839483989298653,
318,Napa-Valley College,2020-02-20,0.01112608695652174,0.011839483989298653,
319,Pleasanton-Owens Ct                     ,2020-02-20,0.023913043478260867,0.011839483989298653,
320,Redwood City,2020-02-21,0.020504545454545452,0.011839483989298653,
321,San Francisco-Arkansas Street,2020-02-21,0.019799999999999998,0.011839483989298653,
322,Vallejo-304 Tuolumne Street,2020-02-21,0.021754545454545457,0.011839483989298653,
323,San Rafael,2020-02-21,0.015954545454545457,0.011839483989298653,
324,Concord-2956-A Treat Blvd,2020-02-21,0.011752173913043477,0.011839483989298653,
325,Oakland-9925 International Blvd,2020-02-21,0.017139130434782605,0.011839483989298653,
326,Livermore-793 Rincon Avenue,2020-02-21,0.016956521739130436,0.011839483989298653,
327,San Jose-Jackson Street,2020-02-21,0.03081818181818182,0.011839483989298653,
328,San Pablo-Rumrill Blvd,2020-02-21,0.01382608695652174,0.011839483989298653,
329,Oakland-West,2020-02-21,0.02624090909090909,0.011839483989298653,
330,Oakland-Laney College                   ,2020-02-21,0.033152173913043474,0.011839483989298653,
331,Sebastopol-103 Morris Street            ,2020-02-21,0.01146875,0.011839483989298653,
332,San Jose-Knox Avenue                    ,2020-02-21,0.0302695652173913,0.011839483989298653,
333,Berkeley-Aquatic Park                   ,2020-02-21,0.025376190476190483,0.011839483989298653,
334,Napa-Valley College,2020-02-21,0.011317391304347824,0.011839483989298653,
335,Pleasanton-Owens Ct                     ,2020-02-21,0.021613043478260874,0.011839483989298653,
336,Redwood City,2020-02-22,0.011034782608695656,0.011839483989298653,
337,San Francisco-Arkansas Street,2020-02-22,0.0071608695652173905,0.011839483989298653,
338,Vallejo-304 Tuolumne Street,2020-02-22,0.010465217391304347,0.011839483989298653,
339,San Rafael,2020-02-22,0.009656521739130435,0.011839483989298653,
340,Concord-2956-A Treat Blvd,2020-02-22,0.007104347826086957,0.011839483989298653,
341,Oakland-9925 International Blvd,2020-02-22,0.010478260869565215,0.011839483989298653,
342,Livermore-793 Rincon Avenue,2020-02-22,0.009239130434782606,0.011839483989298653,
343,San Jose-Jackson Street,2020-02-22,0.010709090909090911,0.011839483989298653,
344,San Pablo-Rumrill Blvd,2020-02-22,0.008178260869565216,0.011839483989298653,
345,Oakland-West,2020-02-22,0.00844090909090909,0.011839483989298653,
346,Oakland-Laney College                   ,2020-02-22,0.012130434782608697,0.011839483989298653,
347,Sebastopol-103 Morris Street            ,2020-02-22,0.005360869565217392,0.011839483989298653,
348,San Jose-Knox Avenue                    ,2020-02-22,0.014639130434782611,0.011839483989298653,
349,Berkeley-Aquatic Park                   ,2020-02-22,0.012586956521739127,0.011839483989298653,
350,Napa-Valley College,2020-02-22,0.005791304347826087,0.011839483989298653,
351,Pleasanton-Owens Ct                     ,2020-02-22,0.012643478260869565,0.011839483989298653,
352,Redwood City,2020-02-23,0.003834782608695652,0.011839483989298653,
353,San Francisco-Arkansas Street,2020-02-23,0.004969565217391305,0.011839483989298653,
354,Vallejo-304 Tuolumne Street,2020-02-23,0.003330434782608695,0.011839483989298653,
355,San Rafael,2020-02-23,0.002943478260869565,0.011839483989298653,
356,Concord-2956-A Treat Blvd,2020-02-23,0.0032130434782608698,0.011839483989298653,
357,Oakland-9925 International Blvd,2020-02-23,0.004182608695652174,0.011839483989298653,
358,Livermore-793 Rincon Avenue,2020-02-23,0.0036521739130434784,0.011839483989298653,
359,San Jose-Jackson Street,2020-02-23,0.00705,0.011839483989298653,
360,San Pablo-Rumrill Blvd,2020-02-23,0.005891304347826087,0.011839483989298653,
361,Oakland-West,2020-02-23,0.006578260869565218,0.011839483989298653,
362,Oakland-Laney College                   ,2020-02-23,0.009191304347826088,0.011839483989298653,
363,Sebastopol-103 Morris Street            ,2020-02-23,0.0041434782608695655,0.011839483989298653,
364,San Jose-Knox Avenue                    ,2020-02-23,0.010495652173913047,0.011839483989298653,
365,Berkeley-Aquatic Park                   ,2020-02-23,0.01023913043478261,0.011839483989298653,
366,Napa-Valley College,2020-02-23,0.0030565217391304344,0.011839483989298653,
367,Pleasanton-Owens Ct                     ,2020-02-23,0.004782608695652175,0.011839483989298653,
368,Redwood City,2020-02-24,0.013021739130434784,0.011839483989298653,
369,San Francisco-Arkansas Street,2020-02-24,0.016343478260869567,0.011839483989298653,
370,Vallejo-304 Tuolumne Street,2020-02-24,0.01097391304347826,0.011839483989298653,
371,San Rafael,2020-02-24,0.01202608695652174,0.011839483989298653,
372,Concord-2956-A Treat Blvd,2020-02-24,0.007430434782608697,0.011839483989298653,
373,Oakland-9925 International Blvd,2020-02-24,0.014186956521739132,0.011839483989298653,
374,Livermore-793 Rincon Avenue,2020-02-24,0.01368695652173913,0.011839483989298653,
375,San Jose-Jackson Street,2020-02-24,0.013931818181818186,0.011839483989298653,
376,San Pablo-Rumrill Blvd,2020-02-24,0.009060869565217391,0.011839483989298653,
377,Oakland-West,2020-02-24,0.016509090909090907,0.011839483989298653,
378,Oakland-Laney College                   ,2020-02-24,0.01969130434782609,0.011839483989298653,
379,Sebastopol-103 Morris Street            ,2020-02-24,0.005866666666666668,0.011839483989298653,
380,San Jose-Knox Avenue                    ,2020-02-24,0.018804347826086955,0.011839483989298653,
381,Berkeley-Aquatic Park                   ,2020-02-24,0.019439130434782605,0.011839483989298653,
382,Napa-Valley College,2020-02-24,0.008221739130434782,0.011839483989298653,
383,Pleasanton-Owens Ct                     ,2020-02-24,0.019426086956521735,0.011839483989298653,
384,Redwood City,2020-02-25,0.017478260869565217,0.011839483989298653,
385,San Francisco-Arkansas Street,2020-02-25,0.023678260869565215,0.011839483989298653,
386,Vallejo-304 Tuolumne Street,2020-02-25,0.018728571428571428,0.011839483989298653,
387,San Rafael,2020-02-25,0.017417391304347826,0.011839483989298653,
388,Concord-2956-A Treat Blvd,2020-02-25,0.010460869565217395,0.011839483989298653,
389,Oakland-9925 International Blvd,2020-02-25,0.01326521739130435,0.011839483989298653,
390,Livermore-793 Rincon Avenue,2020-02-25,0.01220952380952381,0.011839483989298653,
391,San Jose-Jackson Street,2020-02-25,0.018213636363636362,0.011839483989298653,
392,San Pablo-Rumrill Blvd,2020-02-25,0.013795652173913044,0.011839483989298653,
393,Oakland-West,2020-02-25,0.024213043478260872,0.011839483989298653,
394,Oakland-Laney College                   ,2020-02-25,0.02728260869565217,0.011839483989298653,
395,Sebastopol-103 Morris Street            ,2020-02-25,0.0067217391304347845,0.011839483989298653,
396,San Jose-Knox Avenue                    ,2020-02-25,0.022434782608695657,0.011839483989298653,
397,Berkeley-Aquatic Park                   ,2020-02-25,0.026682608695652178,0.011839483989298653,
398,Napa-Valley College,2020-02-25,0.008204545454545454,0.011839483989298653,
399,Pleasanton-Owens Ct                     ,2020-02-25,0.022660869565217387,0.011839483989298653,
400,Redwood City,2020-02-26,0.019269565217391305,0.011839483989298653,
401,San Francisco-Arkansas Street,2020-02-26,0.022178260869565217,0.011839483989298653,
402,Vallejo-304 Tuolumne Street,2020-02-26,0.019669565217391303,0.011839483989298653,
403,San Rafael,2020-02-26,0.01535263157894737,0.011839483989298653,
404,Concord-2956-A Treat Blvd,2020-02-26,0.010708695652173911,0.011839483989298653,
405,Oakland-9925 International Blvd,2020-02-26,0.019326086956521743,0.011839483989298653,
406,Livermore-793 Rincon Avenue,2020-02-26,0.016168181818181818,0.011839483989298653,
407,San Jose-Jackson Street,2020-02-26,0.020614999999999998,0.011839483989298653,
408,San Pablo-Rumrill Blvd,2020-02-26,0.014982608695652174,0.011839483989298653,
409,Oakland-West,2020-02-26,0.02511052631578948,0.011839483989298653,
410,Oakland-Laney College                   ,2020-02-26,0.027521739130434784,0.011839483989298653,
411,Sebastopol-103 Morris Street            ,2020-02-26,0.00678695652173913,0.011839483989298653,
412,San Jose-Knox Avenue                    ,2020-02-26,0.026404347826086954,0.011839483989298653,
413,Berkeley-Aquatic Park                   ,2020-02-26,0.027852173913043475,0.011839483989298653,
414,Napa-Valley College,2020-02-26,0.010134782608695651,0.011839483989298653,
415,Pleasanton-Owens Ct                     ,2020-02-26,0.024265217391304345,0.011839483989298653,
416,Redwood City,2020-02-27,0.020065217391304346,0.011839483989298653,
417,San Francisco-Arkansas Street,2020-02-27,0.02747391304347826,0.011839483989298653,
418,Vallejo-304 Tuolumne Street,2020-02-27,0.017917391304347826,0.011839483989298653,
419,San Rafael,2020-02-27,0.015517391304347827,0.011839483989298653,
420,Concord-2956-A Treat Blvd,2020-02-27,0.009099999999999999,0.011839483989298653,
421,Oakland-9925 International Blvd,2020-02-27,0.017015789473684206,0.011839483989298653,
422,Livermore-793 Rincon Avenue,2020-02-27,0.018343478260869562,0.011839483989298653,
423,San Jose-Jackson Street,2020-02-27,0.027059090909090908,0.011839483989298653,
424,San Pablo-Rumrill Blvd,2020-02-27,0.012591304347826085,0.011839483989298653,
425,Oakland-West,2020-02-27,0.026490000000000003,0.011839483989298653,
426,Oakland-Laney College                   ,2020-02-27,0.03310909090909091,0.011839483989298653,
427,Sebastopol-103 Morris Street            ,2020-02-27,0.006860869565217392,0.011839483989298653,
428,San Jose-Knox Avenue                    ,2020-02-27,0.030273913043478262,0.011839483989298653,
429,Berkeley-Aquatic Park                   ,2020-02-27,0.029560000000000003,0.011839483989298653,
430,Napa-Valley College,2020-02-27,0.009734782608695652,0.011839483989298653,
431,Pleasanton-Owens Ct                     ,2020-02-27,0.02088695652173913,0.011839483989298653,
432,Redwood City,2020-02-28,0.016177272727272724,0.011839483989298653,
433,San Francisco-Arkansas Street,2020-02-28,0.01967727272727273,0.011839483989298653,
434,Vallejo-304 Tuolumne Street,2020-02-28,0.012922727272727273,0.011839483989298653,
435,San Rafael,2020-02-28,0.014995454545454546,0.011839483989298653,
436,Concord-2956-A Treat Blvd,2020-02-28,0.008969565217391305,0.011839483989298653,
437,Oakland-9925 International Blvd,2020-02-28,0.010450000000000001,0.011839483989298653,
438,Livermore-793 Rincon Avenue,2020-02-28,0.01610434782608696,0.011839483989298653,
439,San Jose-Jackson Street,2020-02-28,0.020136363636363633,0.011839483989298653,
440,San Pablo-Rumrill Blvd,2020-02-28,0.013238095238095235,0.011839483989298653,
441,Oakland-West,2020-02-28,0.0181,0.011839483989298653,
442,Oakland-Laney College                   ,2020-02-28,0.022408695652173908,0.011839483989298653,
443,Sebastopol-103 Morris Street            ,2020-02-28,0.005134782608695653,0.011839483989298653,
444,San Jose-Knox Avenue                    ,2020-02-28,0.026339130434782605,0.011839483989298653,
445,Berkeley-Aquatic Park                   ,2020-02-28,0.021047826086956524,0.011839483989298653,
446,Napa-Valley College,2020-02-28,0.0075608695652173916,0.011839483989298653,
447,Pleasanton-Owens Ct                     ,2020-02-28,0.022208695652173916,0.011839483989298653,
448,Redwood City,2020-02-29,0.003378947368421052,0.011839483989298653,
449,San Francisco-Arkansas Street,2020-02-29,0.002578947368421052,0.011839483989298653,
450,Vallejo-304 Tuolumne Street,2020-02-29,0.0019315789473684205,0.011839483989298653,
451,San Rafael,2020-02-29,0.002773684210526316,0.011839483989298653,
452,Concord-2956-A Treat Blvd,2020-02-29,0.0027565217391304353,0.011839483989298653,
453,Oakland-9925 International Blvd,2020-02-29,0.004057894736842105,0.011839483989298653,
454,Livermore-793 Rincon Avenue,2020-02-29,0.001921052631578948,0.011839483989298653,
455,San Jose-Jackson Street,2020-02-29,0.004410526315789473,0.011839483989298653,
456,San Pablo-Rumrill Blvd,2020-02-29,0.0036478260869565213,0.011839483989298653,
457,Oakland-West,2020-02-29,0.006063157894736843,0.011839483989298653,
458,Oakland-Laney College                   ,2020-02-29,0.01064,0.011839483989298653,
459,Sebastopol-103 Morris Street            ,2020-02-29,0.0033000000000000004,0.011839483989298653,
460,San Jose-Knox Avenue                    ,2020-02-29,0.010295,0.011839483989298653,
461,Berkeley-Aquatic Park                   ,2020-02-29,0.00877391304347826,0.011839483989298653,
462,Napa-Valley College,2020-02-29,0.0028086956521739125,0.011839483989298653,
463,Pleasanton-Owens Ct                     ,2020-02-29,0.004591304347826086,0.011839483989298653,
464,Redwood City,2020-03-01,0.0033782608695652177,0.011839483989298653,
465,San Francisco-Arkansas Street,2020-03-01,0.006026086956521739,0.011839483989298653,
466,Vallejo-304 Tuolumne Street,2020-03-01,0.0032521739130434778,0.011839483989298653,
467,San Rafael,2020-03-01,0.004047826086956523,0.011839483989298653,
468,Concord-2956-A Treat Blvd,2020-03-01,0.0030565217391304335,0.011839483989298653,
469,Oakland-9925 International Blvd,2020-03-01,0.005299999999999999,0.011839483989298653,
470,Livermore-793 Rincon Avenue,2020-03-01,0.0019913043478260867,0.011839483989298653,
471,San Jose-Jackson Street,2020-03-01,0.005959090909090909,0.011839483989298653,
472,San Pablo-Rumrill Blvd,2020-03-01,0.0035782608695652173,0.011839483989298653,
473,Oakland-West,2020-03-01,0.005834782608695653,0.011839483989298653,
474,Oakland-Laney College                   ,2020-03-01,0.0064565217391304355,0.011839483989298653,
475,Sebastopol-103 Morris Street            ,2020-03-01,0.0025347826086956522,0.011839483989298653,
476,San Jose-Knox Avenue                    ,2020-03-01,0.009121739130434781,0.011839483989298653,
477,Berkeley-Aquatic Park                   ,2020-03-01,0.006895652173913043,0.011839483989298653,
478,Napa-Valley College,2020-03-01,0.00238695652173913,0.011839483989298653,
479,Pleasanton-Owens Ct                     ,2020-03-01,0.006043478260869564,0.011839483989298653,
480,Redwood City,2020-03-02,0.007389999999999999,0.011839483989298653,
481,San Francisco-Arkansas Street,2020-03-02,0.009252173913043477,0.011839483989298653,
482,Vallejo-304 Tuolumne Street,2020-03-02,0.005556521739130436,0.011839483989298653,
483,San Rafael,2020-03-02,0.006469565217391305,0.011839483989298653,
484,Concord-2956-A Treat Blvd,2020-03-02,0.007121739130434783,0.011839483989298653,
485,Oakland-9925 International Blvd,2020-03-02,0.0077428571428571425,0.011839483989298653,
486,Livermore-793 Rincon Avenue,2020-03-02,0.003373913043478261,0.011839483989298653,
487,San Jose-Jackson Street,2020-03-02,0.007295454545454547,0.011839483989298653,
488,San Pablo-Rumrill Blvd,2020-03-02,0.0032130434782608698,0.011839483989298653,
489,Oakland-West,2020-03-02,0.006656521739130435,0.011839483989298653,
490,Oakland-Laney College                   ,2020-03-02,0.00785909090909091,0.011839483989298653,
491,Sebastopol-103 Morris Street            ,2020-03-02,0.0030521739130434777,0.011839483989298653,
492,San Jose-Knox Avenue                    ,2020-03-02,0.012486956521739132,0.011839483989298653,
493,Berkeley-Aquatic Park                   ,2020-03-02,0.010527777777777778,0.011839483989298653,
494,Napa-Valley College,2020-03-02,0.004269565217391305,0.011839483989298653,
495,Pleasanton-Owens Ct                     ,2020-03-02,0.01274782608695652,0.011839483989298653,
496,Redwood City,2020-03-03,0.01485909090909091,0.011839483989298653,
497,San Francisco-Arkansas Street,2020-03-03,0.01788095238095238,0.011839483989298653,
498,Vallejo-304 Tuolumne Street,2020-03-03,0.012645454545454545,0.011839483989298653,
499,San Rafael,2020-03-03,0.014399999999999994,0.011839483989298653,
500,Concord-2956-A Treat Blvd,2020-03-03,0.00832608695652174,0.011839483989298653,
501,Oakland-9925 International Blvd,2020-03-03,0.01491818181818182,0.011839483989298653,
502,Livermore-793 Rincon Avenue,2020-03-03,0.010031818181818182,0.011839483989298653,
503,San Jose-Jackson Street,2020-03-03,0.018772727272727274,0.011839483989298653,
504,San Pablo-Rumrill Blvd,2020-03-03,0.008321739130434783,0.011839483989298653,
505,Oakland-West,2020-03-03,0.018699999999999998,0.011839483989298653,
506,Oakland-Laney College                   ,2020-03-03,0.02429130434782608,0.011839483989298653,
507,Sebastopol-103 Morris Street            ,2020-03-03,0.00508695652173913,0.011839483989298653,
508,San Jose-Knox Avenue                    ,2020-03-03,0.023547826086956526,0.011839483989298653,
509,Berkeley-Aquatic Park                   ,2020-03-03,0.018000000000000002,0.011839483989298653,
510,Napa-Valley College,2020-03-03,0.008845,0.011839483989298653,
511,Pleasanton-Owens Ct                     ,2020-03-03,0.019273913043478256,0.011839483989298653,
512,Redwood City,2020-03-04,0.013933333333333334,0.011839483989298653,
513,San Francisco-Arkansas Street,2020-03-04,0.015013043478260872,0.011839483989298653,
514,Vallejo-304 Tuolumne Street,2020-03-04,0.011308695652173913,0.011839483989298653,
515,San Rafael,2020-03-04,0.012356521739130434,0.011839483989298653,
516,Concord-2956-A Treat Blvd,2020-03-04,0.010030434782608694,0.011839483989298653,
517,Oakland-9925 International Blvd,2020-03-04,0.017543478260869567,0.011839483989298653,
518,Livermore-793 Rincon Avenue,2020-03-04,0.017086363636363636,0.011839483989298653,
519,San Jose-Jackson Street,2020-03-04,0.01875454545454545,0.011839483989298653,
520,San Pablo-Rumrill Blvd,2020-03-04,0.009295652173913043,0.011839483989298653,
521,Oakland-West,2020-03-04,0.016639130434782608,0.011839483989298653,
522,Oakland-Laney College                   ,2020-03-04,0.019978260869565216,0.011839483989298653,
523,Sebastopol-103 Morris Street            ,2020-03-04,0.0048434782608695656,0.011839483989298653,
524,San Jose-Knox Avenue                    ,2020-03-04,0.02124285714285714,0.011839483989298653,
525,Berkeley-Aquatic Park                   ,2020-03-04,0.014661111111111113,0.011839483989298653,
526,Napa-Valley College,2020-03-04,0.008199999999999999,0.011839483989298653,
527,Pleasanton-Owens Ct                     ,2020-03-04,0.019956521739130432,0.011839483989298653,
528,Redwood City,2020-03-05,0.007256521739130434,0.011839483989298653,
529,San Francisco-Arkansas Street,2020-03-05,0.006940909090909089,0.011839483989298653,
530,Vallejo-304 Tuolumne Street,2020-03-05,0.0033391304347826084,0.011839483989298653,
531,San Rafael,2020-03-05,0.008008695652173912,0.011839483989298653,
532,Concord-2956-A Treat Blvd,2020-03-05,0.0045782608695652165,0.011839483989298653,
533,Oakland-9925 International Blvd,2020-03-05,0.007695454545454547,0.011839483989298653,
534,Livermore-793 Rincon Avenue,2020-03-05,0.011431818181818184,0.011839483989298653,
535,San Jose-Jackson Street,2020-03-05,0.007459090909090909,0.011839483989298653,
536,San Pablo-Rumrill Blvd,2020-03-05,0.00528421052631579,0.011839483989298653,
537,Oakland-West,2020-03-05,0.008173913043478259,0.011839483989298653,
538,Oakland-Laney College                   ,2020-03-05,0.014026086956521742,0.011839483989298653,
539,Sebastopol-103 Morris Street            ,2020-03-05,0.0023173913043478254,0.011839483989298653,
540,San Jose-Knox Avenue                    ,2020-03-05,0.009625,0.011839483989298653,
541,Berkeley-Aquatic Park                   ,2020-03-05,0.012165217391304347,0.011839483989298653,
542,Napa-Valley College,2020-03-05,0.00291304347826087,0.011839483989298653,
543,Pleasanton-Owens Ct                     ,2020-03-05,0.01863913043478261,0.011839483989298653,
544,Redwood City,2020-03-06,0.002877272727272727,0.011839483989298653,
545,San Francisco-Arkansas Street,2020-03-06,0.004363636363636364,0.011839483989298653,
546,Vallejo-304 Tuolumne Street,2020-03-06,0.0026772727272727274,0.011839483989298653,
547,San Rafael,2020-03-06,0.005227272727272728,0.011839483989298653,
548,Concord-2956-A Treat Blvd,2020-03-06,0.0031391304347826083,0.011839483989298653,
549,Oakland-9925 International Blvd,2020-03-06,0.004278260869565218,0.011839483989298653,
550,Livermore-793 Rincon Avenue,2020-03-06,0.0028333333333333335,0.011839483989298653,
551,San Jose-Jackson Street,2020-03-06,0.005059090909090909,0.011839483989298653,
552,San Pablo-Rumrill Blvd,2020-03-06,0.004304347826086956,0.011839483989298653,
553,Oakland-West,2020-03-06,0.005313636363636364,0.011839483989298653,
554,Oakland-Laney College                   ,2020-03-06,0.009960869565217393,0.011839483989298653,
555,Sebastopol-103 Morris Street            ,2020-03-06,0.0021217391304347833,0.011839483989298653,
556,San Jose-Knox Avenue                    ,2020-03-06,0.010466666666666666,0.011839483989298653,
557,Berkeley-Aquatic Park                   ,2020-03-06,0.009758823529411766,0.011839483989298653,
558,Napa-Valley College,2020-03-06,0.0007869565217391302,0.011839483989298653,
559,Pleasanton-Owens Ct                     ,2020-03-06,0.008523809523809526,0.011839483989298653,
560,Redwood City,2020-03-07,0.003765217391304348,0.011839483989298653,
561,San Francisco-Arkansas Street,2020-03-07,0.003908695652173913,0.011839483989298653,
562,Vallejo-304 Tuolumne Street,2020-03-07,0.002943478260869565,0.011839483989298653,
563,San Rafael,2020-03-07,0.0055173913043478255,0.011839483989298653,
564,Concord-2956-A Treat Blvd,2020-03-07,0.0035260869565217393,0.011839483989298653,
565,Oakland-9925 International Blvd,2020-03-07,0.004765217391304348,0.011839483989298653,
566,Livermore-793 Rincon Avenue,2020-03-07,0.0020782608695652178,0.011839483989298653,
567,San Jose-Jackson Street,2020-03-07,0.004695454545454547,0.011839483989298653,
568,San Pablo-Rumrill Blvd,2020-03-07,0.005760869565217391,0.011839483989298653,
569,Oakland-West,2020-03-07,0.005278260869565217,0.011839483989298653,
570,Oakland-Laney College                   ,2020-03-07,0.00705217391304348,0.011839483989298653,
571,Sebastopol-103 Morris Street            ,2020-03-07,0.0036782608695652176,0.011839483989298653,
572,San Jose-Knox Avenue                    ,2020-03-07,0.007460869565217391,0.011839483989298653,
573,Berkeley-Aquatic Park                   ,2020-03-07,0.0098,0.011839483989298653,
574,Napa-Valley College,2020-03-07,0.0016956521739130434,0.011839483989298653,
575,Pleasanton-Owens Ct                     ,2020-03-07,0.005026086956521739,0.011839483989298653,
576,Redwood City,2020-03-08,0.005400000000000001,0.011839483989298653,
577,San Francisco-Arkansas Street,2020-03-08,0.008052173913043477,0.011839483989298653,
578,Vallejo-304 Tuolumne Street,2020-03-08,0.010117391304347826,0.011839483989298653,
579,San Rafael,2020-03-08,0.00802608695652174,0.011839483989298653,
580,Concord-2956-A Treat Blvd,2020-03-08,0.006721739130434781,0.011839483989298653,
581,Oakland-9925 International Blvd,2020-03-08,0.007739130434782609,0.011839483989298653,
582,Livermore-793 Rincon Avenue,2020-03-08,0.0066956521739130435,0.011839483989298653,
583,San Jose-Jackson Street,2020-03-08,0.005404545454545454,0.011839483989298653,
584,San Pablo-Rumrill Blvd,2020-03-08,0.006822727272727273,0.011839483989298653,
585,Oakland-West,2020-03-08,0.009469565217391306,0.011839483989298653,
586,Oakland-Laney College                   ,2020-03-08,0.01056086956521739,0.011839483989298653,
587,Sebastopol-103 Morris Street            ,2020-03-08,0.005013043478260869,0.011839483989298653,
588,San Jose-Knox Avenue                    ,2020-03-08,0.008265217391304347,0.011839483989298653,
589,Berkeley-Aquatic Park                   ,2020-03-08,0.012843478260869566,0.011839483989298653,
590,Napa-Valley College,2020-03-08,0.005386956521739129,0.011839483989298653,
591,Pleasanton-Owens Ct                     ,2020-03-08,0.009308695652173911,0.011839483989298653,
592,Redwood City,2020-03-09,0.01081904761904762,0.011839483989298653,
593,San Francisco-Arkansas Street,2020-03-09,0.016860869565217394,0.011839483989298653,
594,Vallejo-304 Tuolumne Street,2020-03-09,0.012145454545454544,0.011839483989298653,
595,San Rafael,2020-03-09,0.01058695652173913,0.011839483989298653,
596,Concord-2956-A Treat Blvd,2020-03-09,0.0072478260869565225,0.011839483989298653,
597,Oakland-9925 International Blvd,2020-03-09,0.007952173913043476,0.011839483989298653,
598,Livermore-793 Rincon Avenue,2020-03-09,0.008995652173913044,0.011839483989298653,
599,San Jose-Jackson Street,2020-03-09,0.014113636363636363,0.011839483989298653,
600,San Pablo-Rumrill Blvd,2020-03-09,0.009904347826086958,0.011839483989298653,
601,Oakland-West,2020-03-09,0.016456521739130432,0.011839483989298653,
602,Oakland-Laney College                   ,2020-03-09,0.01607826086956522,0.011839483989298653,
603,Sebastopol-103 Morris Street            ,2020-03-09,0.006,0.011839483989298653,
604,San Jose-Knox Avenue                    ,2020-03-09,0.015956521739130435,0.011839483989298653,
605,Berkeley-Aquatic Park                   ,2020-03-09,0.0178,0.011839483989298653,
606,Napa-Valley College,2020-03-09,0.005291304347826088,0.011839483989298653,
607,Pleasanton-Owens Ct                     ,2020-03-09,0.016304347826086956,0.011839483989298653,
608,Redwood City,2020-03-10,0.010000000000000002,0.011839483989298653,
609,San Francisco-Arkansas Street,2020-03-10,0.011923809523809519,0.011839483989298653,
610,Vallejo-304 Tuolumne Street,2020-03-10,0.014940909090909093,0.011839483989298653,
611,San Rafael,2020-03-10,0.012758823529411767,0.011839483989298653,
612,Concord-2956-A Treat Blvd,2020-03-10,0.005940909090909091,0.011839483989298653,
613,Oakland-9925 International Blvd,2020-03-10,0.008695652173913044,0.011839483989298653,
614,Livermore-793 Rincon Avenue,2020-03-10,0.009843478260869567,0.011839483989298653,
615,San Jose-Jackson Street,2020-03-10,0.01446363636363636,0.011839483989298653,
616,San Pablo-Rumrill Blvd,2020-03-10,0.012439130434782605,0.011839483989298653,
617,Oakland-West,2020-03-10,0.016143478260869565,0.011839483989298653,
618,Oakland-Laney College                   ,2020-03-10,0.021004347826086955,0.011839483989298653,
619,Sebastopol-103 Morris Street            ,2020-03-10,0.005,0.011839483989298653,
620,San Jose-Knox Avenue                    ,2020-03-10,0.017886363636363638,0.011839483989298653,
621,Berkeley-Aquatic Park                   ,2020-03-10,0.023147826086956525,0.011839483989298653,
622,Napa-Valley College,2020-03-10,0.00971304347826087,0.011839483989298653,
623,Pleasanton-Owens Ct                     ,2020-03-10,0.016691304347826088,0.011839483989298653,
624,Redwood City,2020-03-11,0.009617391304347826,0.011839483989298653,
625,San Francisco-Arkansas Street,2020-03-11,0.010708695652173913,0.011839483989298653,
626,Vallejo-304 Tuolumne Street,2020-03-11,0.00798695652173913,0.011839483989298653,
627,San Rafael,2020-03-11,0.01021304347826087,0.011839483989298653,
628,Concord-2956-A Treat Blvd,2020-03-11,0.006343478260869565,0.011839483989298653,
629,Oakland-9925 International Blvd,2020-03-11,0.012082608695652175,0.011839483989298653,
630,Livermore-793 Rincon Avenue,2020-03-11,0.007852173913043478,0.011839483989298653,
631,San Jose-Jackson Street,2020-03-11,0.010245454545454542,0.011839483989298653,
632,San Pablo-Rumrill Blvd,2020-03-11,0.008569565217391304,0.011839483989298653,
633,Oakland-West,2020-03-11,0.01695217391304348,0.011839483989298653,
634,Oakland-Laney College                   ,2020-03-11,0.019004347826086957,0.011839483989298653,
635,Sebastopol-103 Morris Street            ,2020-03-11,0.004352173913043478,0.011839483989298653,
636,San Jose-Knox Avenue                    ,2020-03-11,0.014869565217391306,0.011839483989298653,
637,Berkeley-Aquatic Park                   ,2020-03-11,0.017145454545454544,0.011839483989298653,
638,Napa-Valley College,2020-03-11,0.006139130434782608,0.011839483989298653,
639,Pleasanton-Owens Ct                     ,2020-03-11,0.015229999999999997,0.011839483989298653,
640,Redwood City,2020-03-12,0.010043478260869567,0.011839483989298653,
641,San Francisco-Arkansas Street,2020-03-12,0.011273913043478257,0.011839483989298653,
642,Vallejo-304 Tuolumne Street,2020-03-12,0.006226086956521739,0.011839483989298653,
643,San Rafael,2020-03-12,0.009000000000000001,0.011839483989298653,
644,Concord-2956-A Treat Blvd,2020-03-12,0.006117391304347825,0.011839483989298653,
645,Oakland-9925 International Blvd,2020-03-12,0.012217391304347824,0.011839483989298653,
646,Livermore-793 Rincon Avenue,2020-03-12,0.010986956521739127,0.011839483989298653,
647,San Jose-Jackson Street,2020-03-12,0.012109090909090904,0.011839483989298653,
648,San Pablo-Rumrill Blvd,2020-03-12,0.007481818181818181,0.011839483989298653,
649,Oakland-West,2020-03-12,0.01583913043478261,0.011839483989298653,
650,Oakland-Laney College                   ,2020-03-12,0.019321739130434782,0.011839483989298653,
651,Sebastopol-103 Morris Street            ,2020-03-12,0.003391304347826087,0.011839483989298653,
652,San Jose-Knox Avenue                    ,2020-03-12,0.016757142857142856,0.011839483989298653,
653,Berkeley-Aquatic Park                   ,2020-03-12,0.014556521739130437,0.011839483989298653,
654,Napa-Valley College,2020-03-12,0.0058913043478260865,0.011839483989298653,
655,Pleasanton-Owens Ct                     ,2020-03-12,0.015152173913043477,0.011839483989298653,
656,Redwood City,2020-03-13,0.005813636363636363,0.011839483989298653,
657,San Francisco-Arkansas Street,2020-03-13,0.00560952380952381,0.011839483989298653,
658,Vallejo-304 Tuolumne Street,2020-03-13,0.002925,0.011839483989298653,
659,San Rafael,2020-03-13,0.0054909090909090906,0.011839483989298653,
660,Concord-2956-A Treat Blvd,2020-03-13,0.003317391304347826,0.011839483989298653,
661,Oakland-9925 International Blvd,2020-03-13,0.007000000000000003,0.011839483989298653,
662,Livermore-793 Rincon Avenue,2020-03-13,0.0069478260869565225,0.011839483989298653,
663,San Jose-Jackson Street,2020-03-13,0.0054,0.011839483989298653,
664,San Pablo-Rumrill Blvd,2020-03-13,0.0034826086956521733,0.011839483989298653,
665,Oakland-West,2020-03-13,0.008436363636363638,0.011839483989298653,
666,Oakland-Laney College                   ,2020-03-13,0.010608695652173913,0.011839483989298653,
667,Sebastopol-103 Morris Street            ,2020-03-13,0.0031695652173913034,0.011839483989298653,
668,San Jose-Knox Avenue                    ,2020-03-13,0.008952173913043477,0.011839483989298653,
669,Berkeley-Aquatic Park                   ,2020-03-13,0.012617391304347827,0.011839483989298653,
670,Napa-Valley College,2020-03-13,0.0017913043478260872,0.011839483989298653,
671,Pleasanton-Owens Ct                     ,2020-03-13,0.008943478260869567,0.011839483989298653,
672,Redwood City,2020-03-14,0.0017173913043478262,0.011839483989298653,
673,San Francisco-Arkansas Street,2020-03-14,0.003108695652173913,0.011839483989298653,
674,Vallejo-304 Tuolumne Street,2020-03-14,0.002956521739130435,0.011839483989298653,
675,San Rafael,2020-03-14,0.004200000000000001,0.011839483989298653,
676,Concord-2956-A Treat Blvd,2020-03-14,0.0019347826086956526,0.011839483989298653,
677,Oakland-9925 International Blvd,2020-03-14,0.0031043478260869574,0.011839483989298653,
678,Livermore-793 Rincon Avenue,2020-03-14,0.0011173913043478262,0.011839483989298653,
679,San Jose-Jackson Street,2020-03-14,0.0038818181818181825,0.011839483989298653,
680,San Pablo-Rumrill Blvd,2020-03-14,0.0039000000000000003,0.011839483989298653,
681,Oakland-West,2020-03-14,0.005634782608695652,0.011839483989298653,
682,Oakland-Laney College                   ,2020-03-14,0.004608695652173913,0.011839483989298653,
683,Sebastopol-103 Morris Street            ,2020-03-14,0.0020043478260869567,0.011839483989298653,
684,San Jose-Knox Avenue                    ,2020-03-14,0.006243478260869566,0.011839483989298653,
685,Berkeley-Aquatic Park                   ,2020-03-14,0.00894782608695652,0.011839483989298653,
686,Napa-Valley College,2020-03-14,0.0007826086956521735,0.011839483989298653,
687,Pleasanton-Owens Ct                     ,2020-03-14,0.0033391304347826084,0.011839483989298653,
688,Redwood City,2020-03-15,0.0024826086956521737,0.011839483989298653,
689,San Francisco-Arkansas Street,2020-03-15,0.003091304347826087,0.011839483989298653,
690,Vallejo-304 Tuolumne Street,2020-03-15,0.003239130434782609,0.011839483989298653,
691,San Rafael,2020-03-15,0.0033391304347826097,0.011839483989298653,
692,Concord-2956-A Treat Blvd,2020-03-15,0.0021391304347826087,0.011839483989298653,
693,Oakland-9925 International Blvd,2020-03-15,0.0034217391304347824,0.011839483989298653,
694,Livermore-793 Rincon Avenue,2020-03-15,0.001191304347826087,0.011839483989298653,
695,San Jose-Jackson Street,2020-03-15,0.004522727272727275,0.011839483989298653,
696,San Pablo-Rumrill Blvd,2020-03-15,0.0034217391304347824,0.011839483989298653,
697,Oakland-West,2020-03-15,0.005373913043478262,0.011839483989298653,
698,Oakland-Laney College                   ,2020-03-15,0.004108695652173913,0.011839483989298653,
699,Sebastopol-103 Morris Street            ,2020-03-15,0.0029304347826086953,0.011839483989298653,
700,San Jose-Knox Avenue                    ,2020-03-15,0.005552173913043479,0.011839483989298653,
701,Berkeley-Aquatic Park                   ,2020-03-15,0.006482608695652175,0.011839483989298653,
702,Napa-Valley College,2020-03-15,0.0008347826086956521,0.011839483989298653,
703,Pleasanton-Owens Ct                     ,2020-03-15,0.003434782608695653,0.011839483989298653,
704,Redwood City,2020-03-16,0.005465217391304348,0.011839483989298653,
705,San Francisco-Arkansas Street,2020-03-16,0.009460869565217389,0.011839483989298653,
706,Vallejo-304 Tuolumne Street,2020-03-16,0.0034391304347826082,0.011839483989298653,
707,San Rafael,2020-03-16,0.005991304347826088,0.011839483989298653,
708,Concord-2956-A Treat Blvd,2020-03-16,0.003522222222222222,0.011839483989298653,
709,Oakland-9925 International Blvd,2020-03-16,0.0041739130434782605,0.011839483989298653,
710,Livermore-793 Rincon Avenue,2020-03-16,0.004682608695652174,0.011839483989298653,
711,San Jose-Jackson Street,2020-03-16,0.007690000000000001,0.011839483989298653,
712,San Pablo-Rumrill Blvd,2020-03-16,0.005342857142857143,0.011839483989298653,
713,Oakland-West,2020-03-16,0.006734782608695653,0.011839483989298653,
714,Oakland-Laney College                   ,2020-03-16,0.007569565217391305,0.011839483989298653,
715,Sebastopol-103 Morris Street            ,2020-03-16,0.003827777777777778,0.011839483989298653,
716,San Jose-Knox Avenue                    ,2020-03-16,0.011960869565217391,0.011839483989298653,
717,Berkeley-Aquatic Park                   ,2020-03-16,0.0073166666666666675,0.011839483989298653,
718,Napa-Valley College,2020-03-16,0.0039,0.011839483989298653,
719,Pleasanton-Owens Ct                     ,2020-03-16,0.01187826086956522,0.011839483989298653,
720,Redwood City,2020-03-17,0.007508695652173911,,0.006803531891773129
721,San Francisco-Arkansas Street,2020-03-17,0.008152173913043478,,0.006803531891773129
722,Vallejo-304 Tuolumne Street,2020-03-17,0.0035130434782608675,,0.006803531891773129
723,San Rafael,2020-03-17,0.007343478260869566,,0.006803531891773129
724,Concord-2956-A Treat Blvd,2020-03-17,0.006486956521739131,,0.006803531891773129
725,Oakland-9925 International Blvd,2020-03-17,0.006291304347826086,,0.006803531891773129
726,Livermore-793 Rincon Avenue,2020-03-17,0.0105,,0.006803531891773129
727,San Jose-Jackson Street,2020-03-17,0.009494117647058821,,0.006803531891773129
728,San Pablo-Rumrill Blvd,2020-03-17,0.005678260869565217,,0.006803531891773129
729,Oakland-West,2020-03-17,0.008504347826086958,,0.006803531891773129
730,Oakland-Laney College                   ,2020-03-17,0.011952173913043474,,0.006803531891773129
731,Sebastopol-103 Morris Street            ,2020-03-17,0.004695652173913042,,0.006803531891773129
732,San Jose-Knox Avenue                    ,2020-03-17,0.011386956521739131,,0.006803531891773129
733,Berkeley-Aquatic Park                   ,2020-03-17,0.012391304347826086,,0.006803531891773129
734,Napa-Valley College,2020-03-17,0.005326086956521739,,0.006803531891773129
735,Pleasanton-Owens Ct                     ,2020-03-17,0.01251304347826087,,0.006803531891773129
736,Redwood City,2020-03-18,0.006460869565217392,,0.006803531891773129
737,San Francisco-Arkansas Street,2020-03-18,0.006430434782608696,,0.006803531891773129
738,Vallejo-304 Tuolumne Street,2020-03-18,0.00688695652173913,,0.006803531891773129
739,San Rafael,2020-03-18,0.008344444444444444,,0.006803531891773129
740,Concord-2956-A Treat Blvd,2020-03-18,0.005691304347826088,,0.006803531891773129
741,Oakland-9925 International Blvd,2020-03-18,0.006556521739130433,,0.006803531891773129
742,Livermore-793 Rincon Avenue,2020-03-18,0.008252173913043477,,0.006803531891773129
743,San Jose-Jackson Street,2020-03-18,0.008535000000000001,,0.006803531891773129
744,San Pablo-Rumrill Blvd,2020-03-18,0.006519047619047619,,0.006803531891773129
745,Oakland-West,2020-03-18,0.008747826086956524,,0.006803531891773129
746,Oakland-Laney College                   ,2020-03-18,0.013769565217391304,,0.006803531891773129
747,Sebastopol-103 Morris Street            ,2020-03-18,0.002969565217391305,,0.006803531891773129
748,San Jose-Knox Avenue                    ,2020-03-18,0.011613636363636366,,0.006803531891773129
749,Berkeley-Aquatic Park                   ,2020-03-18,0.010286956521739131,,0.006803531891773129
750,Napa-Valley College,2020-03-18,0.004713043478260869,,0.006803531891773129
751,Pleasanton-Owens Ct                     ,2020-03-18,0.011465217391304352,,0.006803531891773129
752,Redwood City,2020-03-19,0.005330434782608696,,0.006803531891773129
753,San Francisco-Arkansas Street,2020-03-19,0.009265217391304348,,0.006803531891773129
754,Vallejo-304 Tuolumne Street,2020-03-19,0.010608695652173913,,0.006803531891773129
755,San Rafael,2020-03-19,0.007495652173913042,,0.006803531891773129
756,Concord-2956-A Treat Blvd,2020-03-19,0.0048,,0.006803531891773129
757,Oakland-9925 International Blvd,2020-03-19,0.00846,,0.006803531891773129
758,Livermore-793 Rincon Avenue,2020-03-19,0.0062217391304347815,,0.006803531891773129
759,San Jose-Jackson Street,2020-03-19,0.009122727272727272,,0.006803531891773129
760,San Pablo-Rumrill Blvd,2020-03-19,0.00795,,0.006803531891773129
761,Oakland-West,2020-03-19,0.012634782608695654,,0.006803531891773129
762,Oakland-Laney College                   ,2020-03-19,0.015108695652173917,,0.006803531891773129
763,Sebastopol-103 Morris Street            ,2020-03-19,0.0027000000000000006,,0.006803531891773129
764,San Jose-Knox Avenue                    ,2020-03-19,0.010617391304347827,,0.006803531891773129
765,Berkeley-Aquatic Park                   ,2020-03-19,0.015059090909090909,,0.006803531891773129
766,Napa-Valley College,2020-03-19,0.003908695652173913,,0.006803531891773129
767,Pleasanton-Owens Ct                     ,2020-03-19,0.013100000000000002,,0.006803531891773129
768,Redwood City,2020-03-20,0.00723181818181818,,0.006803531891773129
769,San Francisco-Arkansas Street,2020-03-20,0.009963636363636364,,0.006803531891773129
770,Vallejo-304 Tuolumne Street,2020-03-20,0.010049999999999998,,0.006803531891773129
771,San Rafael,2020-03-20,0.007936363636363637,,0.006803531891773129
772,Concord-2956-A Treat Blvd,2020-03-20,0.006321739130434782,,0.006803531891773129
773,Oakland-9925 International Blvd,2020-03-20,0.010900000000000002,,0.006803531891773129
774,Livermore-793 Rincon Avenue,2020-03-20,0.010165217391304349,,0.006803531891773129
775,San Jose-Jackson Street,2020-03-20,0.008840909090909092,,0.006803531891773129
776,San Pablo-Rumrill Blvd,2020-03-20,0.008695652173913047,,0.006803531891773129
777,Oakland-West,2020-03-20,0.013627272727272726,,0.006803531891773129
778,Oakland-Laney College                   ,2020-03-20,0.016661111111111113,,0.006803531891773129
779,Sebastopol-103 Morris Street            ,2020-03-20,0.0043217391304347826,,0.006803531891773129
780,San Jose-Knox Avenue                    ,2020-03-20,0.011521739130434782,,0.006803531891773129
781,Berkeley-Aquatic Park                   ,2020-03-20,0.017078260869565216,,0.006803531891773129
782,Napa-Valley College,2020-03-20,0.005556521739130433,,0.006803531891773129
783,Pleasanton-Owens Ct                     ,2020-03-20,0.01623043478260869,,0.006803531891773129
784,Redwood City,2020-03-21,0.00588695652173913,,0.006803531891773129
785,San Francisco-Arkansas Street,2020-03-21,0.01097391304347826,,0.006803531891773129
786,Vallejo-304 Tuolumne Street,2020-03-21,0.011704347826086958,,0.006803531891773129
787,San Rafael,2020-03-21,0.00831304347826087,,0.006803531891773129
788,Concord-2956-A Treat Blvd,2020-03-21,0.005969565217391303,,0.006803531891773129
789,Oakland-9925 International Blvd,2020-03-21,0.008417391304347826,,0.006803531891773129
790,Livermore-793 Rincon Avenue,2020-03-21,0.009934782608695654,,0.006803531891773129
791,San Jose-Jackson Street,2020-03-21,0.008577272727272727,,0.006803531891773129
792,San Pablo-Rumrill Blvd,2020-03-21,0.008582608695652175,,0.006803531891773129
793,Oakland-West,2020-03-21,0.01272608695652174,,0.006803531891773129
794,Oakland-Laney College                   ,2020-03-21,0.011386956521739131,,0.006803531891773129
795,Sebastopol-103 Morris Street            ,2020-03-21,0.0038347826086956517,,0.006803531891773129
796,San Jose-Knox Avenue                    ,2020-03-21,0.008886956521739132,,0.006803531891773129
797,Berkeley-Aquatic Park                   ,2020-03-21,0.01571739130434783,,0.006803531891773129
798,Napa-Valley College,2020-03-21,0.0051173913043478245,,0.006803531891773129
799,Pleasanton-Owens Ct                     ,2020-03-21,0.010434782608695655,,0.006803531891773129
800,Redwood City,2020-03-22,0.005426086956521739,,0.006803531891773129
801,San Francisco-Arkansas Street,2020-03-22,0.010073913043478261,,0.006803531891773129
802,Vallejo-304 Tuolumne Street,2020-03-22,0.00803913043478261,,0.006803531891773129
803,San Rafael,2020-03-22,0.005608695652173913,,0.006803531891773129
804,Concord-2956-A Treat Blvd,2020-03-22,0.005369565217391304,,0.006803531891773129
805,Oakland-9925 International Blvd,2020-03-22,0.009182608695652173,,0.006803531891773129
806,Livermore-793 Rincon Avenue,2020-03-22,0.006043478260869566,,0.006803531891773129
807,San Jose-Jackson Street,2020-03-22,0.009640909090909092,,0.006803531891773129
808,San Pablo-Rumrill Blvd,2020-03-22,0.005654545454545455,,0.006803531891773129
809,Oakland-West,2020-03-22,0.012804347826086956,,0.006803531891773129
810,Oakland-Laney College                   ,2020-03-22,0.01268260869565218,,0.006803531891773129
811,Sebastopol-103 Morris Street            ,2020-03-22,0.0037304347826086943,,0.006803531891773129
812,San Jose-Knox Avenue                    ,2020-03-22,0.009117391304347825,,0.006803531891773129
813,Berkeley-Aquatic Park                   ,2020-03-22,0.012473913043478257,,0.006803531891773129
814,Napa-Valley College,2020-03-22,0.0033434782608695647,,0.006803531891773129
815,Pleasanton-Owens Ct                     ,2020-03-22,0.008278260869565218,,0.006803531891773129
816,Redwood City,2020-03-23,0.004017391304347825,,0.006803531891773129
817,San Francisco-Arkansas Street,2020-03-23,0.00421304347826087,,0.006803531891773129
818,Vallejo-304 Tuolumne Street,2020-03-23,0.003356521739130434,,0.006803531891773129
819,San Rafael,2020-03-23,0.0056,,0.006803531891773129
820,Concord-2956-A Treat Blvd,2020-03-23,0.0029863636363636373,,0.006803531891773129
821,Oakland-9925 International Blvd,2020-03-23,0.0050695652173913044,,0.006803531891773129
822,Livermore-793 Rincon Avenue,2020-03-23,0.0039304347826086975,,0.006803531891773129
823,San Jose-Jackson Street,2020-03-23,0.006981818181818181,,0.006803531891773129
824,San Pablo-Rumrill Blvd,2020-03-23,0.005117391304347826,,0.006803531891773129
825,Oakland-West,2020-03-23,0.007659090909090907,,0.006803531891773129
826,Oakland-Laney College                   ,2020-03-23,0.010269565217391304,,0.006803531891773129
827,Sebastopol-103 Morris Street            ,2020-03-23,0.0035304347826086956,,0.006803531891773129
828,San Jose-Knox Avenue                    ,2020-03-23,0.010623809523809527,,0.006803531891773129
829,Berkeley-Aquatic Park                   ,2020-03-23,0.009643478260869564,,0.006803531891773129
830,Napa-Valley College,2020-03-23,0.0024304347826086953,,0.006803531891773129
831,Pleasanton-Owens Ct                     ,2020-03-23,0.008286956521739131,,0.006803531891773129
832,Redwood City,2020-03-24,0.004299999999999999,,0.006803531891773129
833,San Francisco-Arkansas Street,2020-03-24,0.004369565217391304,,0.006803531891773129
834,Vallejo-304 Tuolumne Street,2020-03-24,0.0062043478260869565,,0.006803531891773129
835,San Rafael,2020-03-24,0.006826086956521739,,0.006803531891773129
836,Concord-2956-A Treat Blvd,2020-03-24,0.0034913043478260876,,0.006803531891773129
837,Oakland-9925 International Blvd,2020-03-24,0.006478260869565217,,0.006803531891773129
838,Livermore-793 Rincon Avenue,2020-03-24,0.002504347826086957,,0.006803531891773129
839,San Jose-Jackson Street,2020-03-24,0.005340909090909091,,0.006803531891773129
840,San Pablo-Rumrill Blvd,2020-03-24,0.005530434782608696,,0.006803531891773129
841,Oakland-West,2020-03-24,0.006304347826086956,,0.006803531891773129
842,Oakland-Laney College                   ,2020-03-24,0.012130434782608697,,0.006803531891773129
843,Sebastopol-103 Morris Street            ,2020-03-24,0.002943478260869565,,0.006803531891773129
844,San Jose-Knox Avenue                    ,2020-03-24,0.007857142857142858,,0.006803531891773129
845,Berkeley-Aquatic Park                   ,2020-03-24,0.009730434782608696,,0.006803531891773129
846,Napa-Valley College,2020-03-24,0.003634782608695652,,0.006803531891773129
847,Pleasanton-Owens Ct                     ,2020-03-24,0.006660869565217392,,0.006803531891773129
848,Redwood City,2020-03-25,0.005717391304347824,,0.006803531891773129
849,San Francisco-Arkansas Street,2020-03-25,0.007417391304347826,,0.006803531891773129
850,Vallejo-304 Tuolumne Street,2020-03-25,0.006134782608695654,,0.006803531891773129
851,San Rafael,2020-03-25,0.006078260869565218,,0.006803531891773129
852,Concord-2956-A Treat Blvd,2020-03-25,0.0036913043478260872,,0.006803531891773129
853,Oakland-9925 International Blvd,2020-03-25,0.00728695652173913,,0.006803531891773129
854,Livermore-793 Rincon Avenue,2020-03-25,0.004791304347826087,,0.006803531891773129
855,San Jose-Jackson Street,2020-03-25,0.006863636363636363,,0.006803531891773129
856,San Pablo-Rumrill Blvd,2020-03-25,0.006252173913043477,,0.006803531891773129
857,Oakland-West,2020-03-25,0.00878695652173913,,0.006803531891773129
858,Oakland-Laney College                   ,2020-03-25,0.012326086956521735,,0.006803531891773129
859,Sebastopol-103 Morris Street            ,2020-03-25,0.004773913043478261,,0.006803531891773129
860,San Jose-Knox Avenue                    ,2020-03-25,0.010433333333333334,,0.006803531891773129
861,Berkeley-Aquatic Park                   ,2020-03-25,0.013391304347826084,,0.006803531891773129
862,Napa-Valley College,2020-03-25,0.0041608695652173905,,0.006803531891773129
863,Pleasanton-Owens Ct                     ,2020-03-25,0.01023913043478261,,0.006803531891773129
864,Redwood City,2020-03-26,0.005314285714285714,,0.006803531891773129
865,San Francisco-Arkansas Street,2020-03-26,0.007643478260869566,,0.006803531891773129
866,Vallejo-304 Tuolumne Street,2020-03-26,0.006873913043478259,,0.006803531891773129
867,San Rafael,2020-03-26,0.006373913043478263,,0.006803531891773129
868,Concord-2956-A Treat Blvd,2020-03-26,0.004191304347826087,,0.006803531891773129
869,Oakland-9925 International Blvd,2020-03-26,0.008508695652173914,,0.006803531891773129
870,Livermore-793 Rincon Avenue,2020-03-26,0.006913043478260871,,0.006803531891773129
871,San Jose-Jackson Street,2020-03-26,0.00722272727272727,,0.006803531891773129
872,San Pablo-Rumrill Blvd,2020-03-26,0.005386363636363636,,0.006803531891773129
873,Oakland-West,2020-03-26,0.009682608695652172,,0.006803531891773129
874,Oakland-Laney College                   ,2020-03-26,0.011328571428571427,,0.006803531891773129
875,Sebastopol-103 Morris Street            ,2020-03-26,0.005265217391304348,,0.006803531891773129
876,San Jose-Knox Avenue                    ,2020-03-26,0.010269565217391306,,0.006803531891773129
877,Berkeley-Aquatic Park                   ,2020-03-26,0.011682608695652175,,0.006803531891773129
878,Napa-Valley College,2020-03-26,0.004940909090909091,,0.006803531891773129
879,Pleasanton-Owens Ct                     ,2020-03-26,0.013747826086956526,,0.006803531891773129
880,Redwood City,2020-03-27,0.004868181818181819,,0.006803531891773129
881,San Francisco-Arkansas Street,2020-03-27,0.004045454545454546,,0.006803531891773129
882,Vallejo-304 Tuolumne Street,2020-03-27,0.002018181818181818,,0.006803531891773129
883,San Rafael,2020-03-27,0.004718181818181818,,0.006803531891773129
884,Concord-2956-A Treat Blvd,2020-03-27,0.003808695652173913,,0.006803531891773129
885,Oakland-9925 International Blvd,2020-03-27,0.006343478260869565,,0.006803531891773129
886,Livermore-793 Rincon Avenue,2020-03-27,0.0033130434782608696,,0.006803531891773129
887,San Jose-Jackson Street,2020-03-27,0.008436363636363638,,0.006803531891773129
888,San Pablo-Rumrill Blvd,2020-03-27,0.006431578947368421,,0.006803531891773129
889,Oakland-West,2020-03-27,0.007631818181818181,,0.006803531891773129
890,Oakland-Laney College                   ,2020-03-27,0.011034782608695651,,0.006803531891773129
891,Sebastopol-103 Morris Street            ,2020-03-27,0.005126086956521738,,0.006803531891773129
892,San Jose-Knox Avenue                    ,2020-03-27,0.010969565217391303,,0.006803531891773129
893,Berkeley-Aquatic Park                   ,2020-03-27,0.010178260869565218,,0.006803531891773129
894,Napa-Valley College,2020-03-27,0.004378260869565216,,0.006803531891773129
895,Pleasanton-Owens Ct                     ,2020-03-27,0.00821304347826087,,0.006803531891773129
896,Redwood City,2020-03-28,0.004073913043478262,,0.006803531891773129
897,San Francisco-Arkansas Street,2020-03-28,0.004847826086956522,,0.006803531891773129
898,Vallejo-304 Tuolumne Street,2020-03-28,0.005069565217391305,,0.006803531891773129
899,San Rafael,2020-03-28,0.0051608695652173905,,0.006803531891773129
900,Concord-2956-A Treat Blvd,2020-03-28,0.0028695652173913043,,0.006803531891773129
901,Oakland-9925 International Blvd,2020-03-28,0.0060695652173913045,,0.006803531891773129
902,Livermore-793 Rincon Avenue,2020-03-28,0.0036565217391304346,,0.006803531891773129
903,San Jose-Jackson Street,2020-03-28,0.006081818181818182,,0.006803531891773129
904,San Pablo-Rumrill Blvd,2020-03-28,0.0061863636363636365,,0.006803531891773129
905,Oakland-West,2020-03-28,0.005608695652173913,,0.006803531891773129
906,Oakland-Laney College                   ,2020-03-28,0.006256521739130436,,0.006803531891773129
907,Sebastopol-103 Morris Street            ,2020-03-28,0.001995652173913043,,0.006803531891773129
908,San Jose-Knox Avenue                    ,2020-03-28,0.007247826086956522,,0.006803531891773129
909,Berkeley-Aquatic Park                   ,2020-03-28,0.007791304347826087,,0.006803531891773129
910,Napa-Valley College,2020-03-28,0.0025956521739130436,,0.006803531891773129
911,Pleasanton-Owens Ct                     ,2020-03-28,0.006304347826086958,,0.006803531891773129
912,Redwood City,2020-03-29,0.0031391304347826087,,0.006803531891773129
913,San Francisco-Arkansas Street,2020-03-29,0.004269565217391303,,0.006803531891773129
914,Vallejo-304 Tuolumne Street,2020-03-29,0.0037739130434782616,,0.006803531891773129
915,San Rafael,2020-03-29,0.003865217391304348,,0.006803531891773129
916,Concord-2956-A Treat Blvd,2020-03-29,0.003217391304347826,,0.006803531891773129
917,Oakland-9925 International Blvd,2020-03-29,0.004113043478260869,,0.006803531891773129
918,Livermore-793 Rincon Avenue,2020-03-29,0.00271304347826087,,0.006803531891773129
919,San Jose-Jackson Street,2020-03-29,0.0022500000000000003,,0.006803531891773129
920,San Pablo-Rumrill Blvd,2020-03-29,0.003852173913043479,,0.006803531891773129
921,Oakland-West,2020-03-29,0.004686956521739129,,0.006803531891773129
922,Oakland-Laney College                   ,2020-03-29,0.006686956521739131,,0.006803531891773129
923,Sebastopol-103 Morris Street            ,2020-03-29,0.002543478260869565,,0.006803531891773129
924,San Jose-Knox Avenue                    ,2020-03-29,0.004617391304347827,,0.006803531891773129
925,Berkeley-Aquatic Park                   ,2020-03-29,0.00517391304347826,,0.006803531891773129
926,Napa-Valley College,2020-03-29,0.0032500000000000003,,0.006803531891773129
927,Pleasanton-Owens Ct                     ,2020-03-29,0.006230434782608695,,0.006803531891773129
928,Redwood City,2020-03-30,0.005186956521739131,,0.006803531891773129
929,San Francisco-Arkansas Street,2020-03-30,0.0054739130434782604,,0.006803531891773129
930,Vallejo-304 Tuolumne Street,2020-03-30,0.0015826086956521738,,0.006803531891773129
931,San Rafael,2020-03-30,0.005443478260869565,,0.006803531891773129
932,Concord-2956-A Treat Blvd,2020-03-30,0.003378260869565217,,0.006803531891773129
933,Oakland-9925 International Blvd,2020-03-30,0.005582608695652175,,0.006803531891773129
934,Livermore-793 Rincon Avenue,2020-03-30,0.002391304347826087,,0.006803531891773129
935,San Jose-Jackson Street,2020-03-30,0.0038454545454545447,,0.006803531891773129
936,San Pablo-Rumrill Blvd,2020-03-30,0.005204545454545454,,0.006803531891773129
937,Oakland-West,2020-03-30,0.006095652173913043,,0.006803531891773129
938,Oakland-Laney College                   ,2020-03-30,0.012443478260869566,,0.006803531891773129
939,Sebastopol-103 Morris Street            ,2020-03-30,0.0030608695652173915,,0.006803531891773129
940,San Jose-Knox Avenue                    ,2020-03-30,0.008126086956521741,,0.006803531891773129
941,Berkeley-Aquatic Park                   ,2020-03-30,0.010626086956521742,,0.006803531891773129
942,Napa-Valley College,2020-03-30,0.00135,,0.006803531891773129
943,Pleasanton-Owens Ct                     ,2020-03-30,0.010621739130434779,,0.006803531891773129
944,Redwood City,2020-03-31,0.003965217391304348,,0.006803531891773129
945,San Francisco-Arkansas Street,2020-03-31,0.003926086956521739,,0.006803531891773129
946,Vallejo-304 Tuolumne Street,2020-03-31,0.0019304347826086955,,0.006803531891773129
947,San Rafael,2020-03-31,0.004752173913043478,,0.006803531891773129
948,Concord-2956-A Treat Blvd,2020-03-31,0.002856521739130435,,0.006803531891773129
949,Oakland-9925 International Blvd,2020-03-31,0.006469565217391306,,0.006803531891773129
950,Livermore-793 Rincon Avenue,2020-03-31,0.004752173913043479,,0.006803531891773129
951,San Jose-Jackson Street,2020-03-31,0.004931818181818182,,0.006803531891773129
952,San Pablo-Rumrill Blvd,2020-03-31,0.005652173913043478,,0.006803531891773129
953,Oakland-West,2020-03-31,0.007595652173913046,,0.006803531891773129
954,Oakland-Laney College                   ,2020-03-31,0.010530434782608695,,0.006803531891773129
955,Sebastopol-103 Morris Street            ,2020-03-31,0.0022086956521739135,,0.006803531891773129
956,San Jose-Knox Avenue                    ,2020-03-31,0.0060695652173913045,,0.006803531891773129
957,Berkeley-Aquatic Park                   ,2020-03-31,0.009326086956521738,,0.006803531891773129
958,Napa-Valley College,2020-03-31,0.001986956521739131,,0.006803531891773129
959,Pleasanton-Owens Ct                     ,2020-03-31,0.007999999999999998,,0.006803531891773129
960,Redwood City,2020-04-01,0.0030521739130434777,,0.006803531891773129
961,San Francisco-Arkansas Street,2020-04-01,0.0050521739130434794,,0.006803531891773129
962,Vallejo-304 Tuolumne Street,2020-04-01,0.0019869565217391304,,0.006803531891773129
963,San Rafael,2020-04-01,0.0028391304347826093,,0.006803531891773129
964,Concord-2956-A Treat Blvd,2020-04-01,0.002673913043478261,,0.006803531891773129
965,Oakland-9925 International Blvd,2020-04-01,0.007152173913043479,,0.006803531891773129
966,Livermore-793 Rincon Avenue,2020-04-01,0.002495652173913044,,0.006803531891773129
967,San Jose-Jackson Street,2020-04-01,0.00365,,0.006803531891773129
968,San Pablo-Rumrill Blvd,2020-04-01,0.004145454545454546,,0.006803531891773129
969,Oakland-West,2020-04-01,0.003682608695652174,,0.006803531891773129
970,Oakland-Laney College                   ,2020-04-01,0.007434782608695653,,0.006803531891773129
971,Sebastopol-103 Morris Street            ,2020-04-01,0.004087500000000001,,0.006803531891773129
972,San Jose-Knox Avenue                    ,2020-04-01,0.006739130434782609,,0.006803531891773129
973,Berkeley-Aquatic Park                   ,2020-04-01,0.011545000000000003,,0.006803531891773129
974,Napa-Valley College,2020-04-01,0.0023619047619047617,,0.006803531891773129
975,Pleasanton-Owens Ct                     ,2020-04-01,0.006795652173913042,,0.006803531891773129
976,Redwood City,2020-04-02,0.006539130434782609,,0.006803531891773129
977,San Francisco-Arkansas Street,2020-04-02,0.008904347826086957,,0.006803531891773129
978,Vallejo-304 Tuolumne Street,2020-04-02,0.007639130434782609,,0.006803531891773129
979,San Rafael,2020-04-02,0.005134782608695653,,0.006803531891773129
980,Concord-2956-A Treat Blvd,2020-04-02,0.004665217391304348,,0.006803531891773129
981,Oakland-9925 International Blvd,2020-04-02,0.007973913043478262,,0.006803531891773129
982,Livermore-793 Rincon Avenue,2020-04-02,0.004869565217391304,,0.006803531891773129
983,San Jose-Jackson Street,2020-04-02,0.008299999999999997,,0.006803531891773129
984,San Pablo-Rumrill Blvd,2020-04-02,0.0028608695652173914,,0.006803531891773129
985,Oakland-West,2020-04-02,0.007634782608695651,,0.006803531891773129
986,Oakland-Laney College                   ,2020-04-02,0.009291304347826088,,0.006803531891773129
987,Sebastopol-103 Morris Street            ,2020-04-02,0.004377272727272727,,0.006803531891773129
988,San Jose-Knox Avenue                    ,2020-04-02,0.00951304347826087,,0.006803531891773129
989,Berkeley-Aquatic Park                   ,2020-04-02,0.01056086956521739,,0.006803531891773129
990,Napa-Valley College,2020-04-02,0.0028652173913043476,,0.006803531891773129
991,Pleasanton-Owens Ct                     ,2020-04-02,0.010443478260869566,,0.006803531891773129
992,Redwood City,2020-04-03,0.0074,,0.006803531891773129
993,San Francisco-Arkansas Street,2020-04-03,0.0034,,0.006803531891773129
994,Vallejo-304 Tuolumne Street,2020-04-03,0.0026,,0.006803531891773129
995,San Rafael,2020-04-03,0.0005,,0.006803531891773129
996,Concord-2956-A Treat Blvd,2020-04-03,0.0055,,0.006803531891773129
997,Oakland-9925 International Blvd,2020-04-03,0.0073,,0.006803531891773129
998,Livermore-793 Rincon Avenue,2020-04-03,0.0044,,0.006803531891773129
999,San Jose-Jackson Street,2020-04-03,0.0086,,0.006803531891773129
1000,San Pablo-Rumrill Blvd,2020-04-03,0.0012,,0.006803531891773129
1001,Oakland-West,2020-04-03,0.0154,,0.006803531891773129
1002,Oakland-Laney College                   ,2020-04-03,0.0104,,0.006803531891773129
1003,Sebastopol-103 Morris Street            ,2020-04-03,0.0039,,0.006803531891773129
1004,San Jose-Knox Avenue                    ,2020-04-03,0.0068,,0.006803531891773129
1005,Berkeley-Aquatic Park                   ,2020-04-03,0.0099,,0.006803531891773129
1006,Napa-Valley College,2020-04-03,0.0037,,0.006803531891773129
1007,Pleasanton-Owens Ct                     ,2020-04-03,0.0118,,0.006803531891773129
1008,Redwood City,2020-04-04,0.0031521739130434775,,0.006803531891773129
1009,San Francisco-Arkansas Street,2020-04-04,0.002886956521739131,,0.006803531891773129
1010,Vallejo-304 Tuolumne Street,2020-04-04,0.0029391304347826082,,0.006803531891773129
1011,San Rafael,2020-04-04,0.0026999999999999997,,0.006803531891773129
1012,Concord-2956-A Treat Blvd,2020-04-04,0.002117391304347826,,0.006803531891773129
1013,Oakland-9925 International Blvd,2020-04-04,0.003460869565217391,,0.006803531891773129
1014,Livermore-793 Rincon Avenue,2020-04-04,0.0005086956521739129,,0.006803531891773129
1015,San Jose-Jackson Street,2020-04-04,0.005649999999999999,,0.006803531891773129
1016,San Pablo-Rumrill Blvd,2020-04-04,0.0036521739130434784,,0.006803531891773129
1017,Oakland-West,2020-04-04,0.006165217391304348,,0.006803531891773129
1018,Oakland-Laney College                   ,2020-04-04,0.005330434782608696,,0.006803531891773129
1019,Sebastopol-103 Morris Street            ,2020-04-04,0.002760869565217392,,0.006803531891773129
1020,San Jose-Knox Avenue                    ,2020-04-04,0.0065043478260869555,,0.006803531891773129
1021,Berkeley-Aquatic Park                   ,2020-04-04,0.006034782608695653,,0.006803531891773129
1022,Napa-Valley College,2020-04-04,0.0025,,0.006803531891773129
1023,Pleasanton-Owens Ct                     ,2020-04-04,0.0018130434782608694,,0.006803531891773129
1024,Redwood City,2020-04-05,0.0021173913043478257,,0.006803531891773129
1025,San Francisco-Arkansas Street,2020-04-05,0.00218695652173913,,0.006803531891773129
1026,Vallejo-304 Tuolumne Street,2020-04-05,0.002326086956521739,,0.006803531891773129
1027,San Rafael,2020-04-05,0.0020000000000000005,,0.006803531891773129
1028,Concord-2956-A Treat Blvd,2020-04-05,0.0024,,0.006803531891773129
1029,Oakland-9925 International Blvd,2020-04-05,0.0041,,0.006803531891773129
1030,Livermore-793 Rincon Avenue,2020-04-05,0.0012173913043478262,,0.006803531891773129
1031,San Jose-Jackson Street,2020-04-05,0.005190909090909091,,0.006803531891773129
1032,San Pablo-Rumrill Blvd,2020-04-05,0.002781818181818182,,0.006803531891773129
1033,Oakland-West,2020-04-05,0.003604347826086956,,0.006803531891773129
1034,Oakland-Laney College                   ,2020-04-05,0.004239130434782608,,0.006803531891773129
1035,Sebastopol-103 Morris Street            ,2020-04-05,0.0011043478260869565,,0.006803531891773129
1036,San Jose-Knox Avenue                    ,2020-04-05,0.004386956521739131,,0.006803531891773129
1037,Berkeley-Aquatic Park                   ,2020-04-05,0.004852173913043478,,0.006803531891773129
1038,Napa-Valley College,2020-04-05,0.0006782608695652173,,0.006803531891773129
1039,Pleasanton-Owens Ct                     ,2020-04-05,0.003108695652173913,,0.006803531891773129
1040,Redwood City,2020-04-06,0.009383333333333334,,0.006803531891773129
1041,San Francisco-Arkansas Street,2020-04-06,0.01475,,0.006803531891773129
1042,Vallejo-304 Tuolumne Street,2020-04-06,0.018449999999999998,,0.006803531891773129
1043,San Rafael,2020-04-06,0.011266666666666666,,0.006803531891773129
1044,Concord-2956-A Treat Blvd,2020-04-06,0.008166666666666668,,0.006803531891773129
1045,Oakland-9925 International Blvd,2020-04-06,0.007883333333333334,,0.006803531891773129
1046,Livermore-793 Rincon Avenue,2020-04-06,0.01015,,0.006803531891773129
1047,San Jose-Jackson Street,2020-04-06,0.01384,,0.006803531891773129
1048,San Pablo-Rumrill Blvd,2020-04-06,0.007050000000000001,,0.006803531891773129
1049,Oakland-West,2020-04-06,0.02,,0.006803531891773129
1050,Oakland-Laney College                   ,2020-04-06,0.013933333333333334,,0.006803531891773129
1051,Sebastopol-103 Morris Street            ,2020-04-06,0.006849999999999999,,0.006803531891773129
1052,San Jose-Knox Avenue                    ,2020-04-06,0.01535,,0.006803531891773129
1053,Berkeley-Aquatic Park                   ,2020-04-06,0.015133333333333332,,0.006803531891773129
1054,Napa-Valley College,2020-04-06,0.007383333333333333,,0.006803531891773129
1055,Pleasanton-Owens Ct                     ,2020-04-06,0.016666666666666666,,0.006803531891773129
