,name,date,NOX,Pre-Shelter in place mean,Post-Shelter in place mean
0,Redwood City,2020-02-01,0.023430434782608693,0.01818764397517645,
1,San Francisco-Arkansas Street,2020-02-01,0.01812173913043478,0.01818764397517645,
2,Vallejo-304 Tuolumne Street,2020-02-01,0.027447826086956527,0.01818764397517645,
3,San Rafael,2020-02-01,0.018373913043478265,0.01818764397517645,
4,Concord-2956-A Treat Blvd,2020-02-01,0.014030434782608693,0.01818764397517645,
5,Oakland-9925 International Blvd,2020-02-01,0.027743478260869574,0.01818764397517645,
6,Livermore-793 Rincon Avenue,2020-02-01,0.026869565217391304,0.01818764397517645,
7,San Jose-Jackson Street,2020-02-01,0.03429090909090909,0.01818764397517645,
8,San Pablo-Rumrill Blvd,2020-02-01,0.014056521739130431,0.01818764397517645,
9,Oakland-West,2020-02-01,0.03577391304347827,0.01818764397517645,
10,Oakland-Laney College                   ,2020-02-01,0.044869565217391306,0.01818764397517645,
11,Sebastopol-103 Morris Street            ,2020-02-01,0.008139130434782609,0.01818764397517645,
12,San Jose-Knox Avenue                    ,2020-02-01,0.04150434782608695,0.01818764397517645,
13,Berkeley-Aquatic Park                   ,2020-02-01,0.045595652173913044,0.01818764397517645,
14,Napa-Valley College,2020-02-01,0.01116521739130435,0.01818764397517645,
15,Pleasanton-Owens Ct                     ,2020-02-01,0.02663913043478261,0.01818764397517645,
16,Redwood City,2020-02-02,0.005239130434782609,0.01818764397517645,
17,San Francisco-Arkansas Street,2020-02-02,0.005326086956521739,0.01818764397517645,
18,Vallejo-304 Tuolumne Street,2020-02-02,0.002752173913043478,0.01818764397517645,
19,San Rafael,2020-02-02,0.0031260869565217387,0.01818764397517645,
20,Concord-2956-A Treat Blvd,2020-02-02,0.004365217391304348,0.01818764397517645,
21,Oakland-9925 International Blvd,2020-02-02,0.007339130434782609,0.01818764397517645,
22,Livermore-793 Rincon Avenue,2020-02-02,0.005347826086956523,0.01818764397517645,
23,San Jose-Jackson Street,2020-02-02,0.004940909090909092,0.01818764397517645,
24,San Pablo-Rumrill Blvd,2020-02-02,0.0045000000000000005,0.01818764397517645,
25,Oakland-West,2020-02-02,0.006408695652173915,0.01818764397517645,
26,Oakland-Laney College                   ,2020-02-02,0.012021739130434783,0.01818764397517645,
27,Sebastopol-103 Morris Street            ,2020-02-02,0.003926086956521738,0.01818764397517645,
28,San Jose-Knox Avenue                    ,2020-02-02,0.01090434782608696,0.01818764397517645,
29,Berkeley-Aquatic Park                   ,2020-02-02,0.013243478260869565,0.01818764397517645,
30,Napa-Valley College,2020-02-02,0.006017391304347824,0.01818764397517645,
31,Pleasanton-Owens Ct                     ,2020-02-02,0.009534782608695653,0.01818764397517645,
32,Redwood City,2020-02-03,0.01431304347826087,0.01818764397517645,
33,San Francisco-Arkansas Street,2020-02-03,0.008230434782608697,0.01818764397517645,
34,Vallejo-304 Tuolumne Street,2020-02-03,0.023573913043478258,0.01818764397517645,
35,San Rafael,2020-02-03,0.010104347826086954,0.01818764397517645,
36,Concord-2956-A Treat Blvd,2020-02-03,0.012747826086956522,0.01818764397517645,
37,Oakland-9925 International Blvd,2020-02-03,0.01268695652173913,0.01818764397517645,
38,Livermore-793 Rincon Avenue,2020-02-03,0.013334782608695651,0.01818764397517645,
39,San Jose-Jackson Street,2020-02-03,0.025336842105263158,0.01818764397517645,
40,San Pablo-Rumrill Blvd,2020-02-03,0.0028608695652173914,0.01818764397517645,
41,Oakland-West,2020-02-03,0.008617391304347827,0.01818764397517645,
42,Oakland-Laney College                   ,2020-02-03,0.007395652173913044,0.01818764397517645,
43,Sebastopol-103 Morris Street            ,2020-02-03,0.009065217391304347,0.01818764397517645,
44,San Jose-Knox Avenue                    ,2020-02-03,0.02541304347826087,0.01818764397517645,
45,Berkeley-Aquatic Park                   ,2020-02-03,0.020104761904761903,0.01818764397517645,
46,Napa-Valley College,2020-02-03,0.011443478260869566,0.01818764397517645,
47,Pleasanton-Owens Ct                     ,2020-02-03,0.025534782608695655,0.01818764397517645,
48,Redwood City,2020-02-04,0.014543478260869566,0.01818764397517645,
49,San Francisco-Arkansas Street,2020-02-04,0.01558695652173913,0.01818764397517645,
50,Vallejo-304 Tuolumne Street,2020-02-04,0.021139130434782608,0.01818764397517645,
51,San Rafael,2020-02-04,0.016726086956521734,0.01818764397517645,
52,Concord-2956-A Treat Blvd,2020-02-04,0.01929565217391304,0.01818764397517645,
53,Oakland-9925 International Blvd,2020-02-04,0.017108695652173912,0.01818764397517645,
54,Livermore-793 Rincon Avenue,2020-02-04,0.009465217391304348,0.01818764397517645,
55,San Jose-Jackson Street,2020-02-04,0.02107894736842105,0.01818764397517645,
56,San Pablo-Rumrill Blvd,2020-02-04,0.009808695652173915,0.01818764397517645,
57,Oakland-West,2020-02-04,0.024913043478260868,0.01818764397517645,
58,Oakland-Laney College                   ,2020-02-04,0.022847826086956523,0.01818764397517645,
59,Sebastopol-103 Morris Street            ,2020-02-04,0.008418181818181818,0.01818764397517645,
60,San Jose-Knox Avenue                    ,2020-02-04,0.02040869565217391,0.01818764397517645,
61,Berkeley-Aquatic Park                   ,2020-02-04,0.031239130434782606,0.01818764397517645,
62,Napa-Valley College,2020-02-04,0.008538095238095239,0.01818764397517645,
63,Pleasanton-Owens Ct                     ,2020-02-04,0.03464444444444445,0.01818764397517645,
64,Redwood City,2020-02-05,0.03798695652173912,0.01818764397517645,
65,San Francisco-Arkansas Street,2020-02-05,0.03367826086956522,0.01818764397517645,
66,Vallejo-304 Tuolumne Street,2020-02-05,0.0508,0.01818764397517645,
67,San Rafael,2020-02-05,0.03111739130434783,0.01818764397517645,
68,Concord-2956-A Treat Blvd,2020-02-05,0.023673913043478264,0.01818764397517645,
69,Oakland-9925 International Blvd,2020-02-05,0.028578260869565216,0.01818764397517645,
70,Livermore-793 Rincon Avenue,2020-02-05,0.037439130434782614,0.01818764397517645,
71,San Jose-Jackson Street,2020-02-05,0.03585,0.01818764397517645,
72,San Pablo-Rumrill Blvd,2020-02-05,0.019634782608695653,0.01818764397517645,
73,Oakland-West,2020-02-05,0.058439130434782605,0.01818764397517645,
74,Oakland-Laney College                   ,2020-02-05,0.05482608695652173,0.01818764397517645,
75,Sebastopol-103 Morris Street            ,2020-02-05,0.014630434782608693,0.01818764397517645,
76,San Jose-Knox Avenue                    ,2020-02-05,0.044399999999999995,0.01818764397517645,
77,Berkeley-Aquatic Park                   ,2020-02-05,0.0591095238095238,0.01818764397517645,
78,Napa-Valley College,2020-02-05,0.01716521739130435,0.01818764397517645,
79,Pleasanton-Owens Ct                     ,2020-02-05,0.050321739130434785,0.01818764397517645,
80,Redwood City,2020-02-06,0.03543478260869566,0.01818764397517645,
81,San Francisco-Arkansas Street,2020-02-06,0.036821739130434794,0.01818764397517645,
82,Vallejo-304 Tuolumne Street,2020-02-06,0.045508695652173914,0.01818764397517645,
83,San Rafael,2020-02-06,0.02852608695652173,0.01818764397517645,
84,Concord-2956-A Treat Blvd,2020-02-06,0.021478260869565214,0.01818764397517645,
85,Oakland-9925 International Blvd,2020-02-06,0.03443043478260869,0.01818764397517645,
86,Livermore-793 Rincon Avenue,2020-02-06,0.040508695652173916,0.01818764397517645,
87,San Jose-Jackson Street,2020-02-06,0.05328888888888888,0.01818764397517645,
88,San Pablo-Rumrill Blvd,2020-02-06,0.021991304347826087,0.01818764397517645,
89,Oakland-West,2020-02-06,0.0548047619047619,0.01818764397517645,
90,Oakland-Laney College                   ,2020-02-06,0.05455652173913044,0.01818764397517645,
91,Sebastopol-103 Morris Street            ,2020-02-06,0.015734782608695656,0.01818764397517645,
92,San Jose-Knox Avenue                    ,2020-02-06,0.04971739130434782,0.01818764397517645,
93,Berkeley-Aquatic Park                   ,2020-02-06,0.05892173913043479,0.01818764397517645,
94,Napa-Valley College,2020-02-06,0.01898260869565218,0.01818764397517645,
95,Pleasanton-Owens Ct                     ,2020-02-06,0.04818260869565217,0.01818764397517645,
96,Redwood City,2020-02-07,0.038031818181818194,0.01818764397517645,
97,San Francisco-Arkansas Street,2020-02-07,0.030781818181818178,0.01818764397517645,
98,Vallejo-304 Tuolumne Street,2020-02-07,0.027368181818181812,0.01818764397517645,
99,San Rafael,2020-02-07,0.02522272727272727,0.01818764397517645,
100,Concord-2956-A Treat Blvd,2020-02-07,0.02196086956521739,0.01818764397517645,
101,Oakland-9925 International Blvd,2020-02-07,0.03309565217391304,0.01818764397517645,
102,Livermore-793 Rincon Avenue,2020-02-07,0.03978260869565217,0.01818764397517645,
103,San Jose-Jackson Street,2020-02-07,0.04077272727272727,0.01818764397517645,
104,San Pablo-Rumrill Blvd,2020-02-07,0.02272608695652174,0.01818764397517645,
105,Oakland-West,2020-02-07,0.03402272727272727,0.01818764397517645,
106,Oakland-Laney College                   ,2020-02-07,0.04510434782608696,0.01818764397517645,
107,Sebastopol-103 Morris Street            ,2020-02-07,0.012347826086956523,0.01818764397517645,
108,San Jose-Knox Avenue                    ,2020-02-07,0.05031739130434783,0.01818764397517645,
109,Berkeley-Aquatic Park                   ,2020-02-07,0.043991304347826075,0.01818764397517645,
110,Napa-Valley College,2020-02-07,0.01599130434782609,0.01818764397517645,
111,Pleasanton-Owens Ct                     ,2020-02-07,0.04668695652173913,0.01818764397517645,
112,Redwood City,2020-02-08,0.011208695652173912,0.01818764397517645,
113,San Francisco-Arkansas Street,2020-02-08,0.010882608695652173,0.01818764397517645,
114,Vallejo-304 Tuolumne Street,2020-02-08,0.008643478260869565,0.01818764397517645,
115,San Rafael,2020-02-08,0.013147826086956521,0.01818764397517645,
116,Concord-2956-A Treat Blvd,2020-02-08,0.008847826086956523,0.01818764397517645,
117,Oakland-9925 International Blvd,2020-02-08,0.012408695652173913,0.01818764397517645,
118,Livermore-793 Rincon Avenue,2020-02-08,0.01518695652173913,0.01818764397517645,
119,San Jose-Jackson Street,2020-02-08,0.012131818181818186,0.01818764397517645,
120,San Pablo-Rumrill Blvd,2020-02-08,0.008482608695652172,0.01818764397517645,
121,Oakland-West,2020-02-08,0.008934782608695653,0.01818764397517645,
122,Oakland-Laney College                   ,2020-02-08,0.015165217391304348,0.01818764397517645,
123,Sebastopol-103 Morris Street            ,2020-02-08,0.004582608695652174,0.01818764397517645,
124,San Jose-Knox Avenue                    ,2020-02-08,0.01825217391304348,0.01818764397517645,
125,Berkeley-Aquatic Park                   ,2020-02-08,0.017499999999999998,0.01818764397517645,
126,Napa-Valley College,2020-02-08,0.008113043478260869,0.01818764397517645,
127,Pleasanton-Owens Ct                     ,2020-02-08,0.019769565217391306,0.01818764397517645,
128,Redwood City,2020-02-09,0.003154545454545454,0.01818764397517645,
129,San Francisco-Arkansas Street,2020-02-09,0.005230434782608695,0.01818764397517645,
130,Vallejo-304 Tuolumne Street,2020-02-09,0.003956521739130434,0.01818764397517645,
131,San Rafael,2020-02-09,0.0032000000000000006,0.01818764397517645,
132,Concord-2956-A Treat Blvd,2020-02-09,0.003021739130434783,0.01818764397517645,
133,Oakland-9925 International Blvd,2020-02-09,0.005926086956521739,0.01818764397517645,
134,Livermore-793 Rincon Avenue,2020-02-09,0.0015739130434782606,0.01818764397517645,
135,San Jose-Jackson Street,2020-02-09,0.0064227272727272735,0.01818764397517645,
136,San Pablo-Rumrill Blvd,2020-02-09,0.002021739130434782,0.01818764397517645,
137,Oakland-West,2020-02-09,0.003982608695652173,0.01818764397517645,
138,Oakland-Laney College                   ,2020-02-09,0.006539130434782608,0.01818764397517645,
139,Sebastopol-103 Morris Street            ,2020-02-09,0.0012391304347826085,0.01818764397517645,
140,San Jose-Knox Avenue                    ,2020-02-09,0.010323809523809527,0.01818764397517645,
141,Berkeley-Aquatic Park                   ,2020-02-09,0.005317391304347826,0.01818764397517645,
142,Napa-Valley College,2020-02-09,0.0020130434782608697,0.01818764397517645,
143,Pleasanton-Owens Ct                     ,2020-02-09,0.006608695652173912,0.01818764397517645,
144,Redwood City,2020-02-10,0.025117391304347824,0.01818764397517645,
145,San Francisco-Arkansas Street,2020-02-10,0.024617391304347827,0.01818764397517645,
146,Vallejo-304 Tuolumne Street,2020-02-10,0.032136363636363637,0.01818764397517645,
147,San Rafael,2020-02-10,0.029773913043478258,0.01818764397517645,
148,Concord-2956-A Treat Blvd,2020-02-10,0.019630434782608695,0.01818764397517645,
149,Oakland-9925 International Blvd,2020-02-10,0.022604347826086956,0.01818764397517645,
150,Livermore-793 Rincon Avenue,2020-02-10,0.007456521739130434,0.01818764397517645,
151,San Jose-Jackson Street,2020-02-10,0.023963636363636364,0.01818764397517645,
152,San Pablo-Rumrill Blvd,2020-02-10,0.02305652173913044,0.01818764397517645,
153,Oakland-West,2020-02-10,0.029004545454545453,0.01818764397517645,
154,Oakland-Laney College                   ,2020-02-10,0.04276363636363637,0.01818764397517645,
155,Sebastopol-103 Morris Street            ,2020-02-10,0.00679130434782609,0.01818764397517645,
156,San Jose-Knox Avenue                    ,2020-02-10,0.02896666666666667,0.01818764397517645,
157,Berkeley-Aquatic Park                   ,2020-02-10,0.0375,0.01818764397517645,
158,Napa-Valley College,2020-02-10,0.003947826086956522,0.01818764397517645,
159,Pleasanton-Owens Ct                     ,2020-02-10,0.02990869565217392,0.01818764397517645,
160,Redwood City,2020-02-11,0.03572222222222222,0.01818764397517645,
161,San Francisco-Arkansas Street,2020-02-11,0.030895652173913043,0.01818764397517645,
162,Vallejo-304 Tuolumne Street,2020-02-11,0.03525217391304348,0.01818764397517645,
163,San Rafael,2020-02-11,0.025556521739130433,0.01818764397517645,
164,Concord-2956-A Treat Blvd,2020-02-11,0.007347826086956522,0.01818764397517645,
165,Oakland-9925 International Blvd,2020-02-11,0.02152608695652174,0.01818764397517645,
166,Livermore-793 Rincon Avenue,2020-02-11,0.010300000000000002,0.01818764397517645,
167,San Jose-Jackson Street,2020-02-11,0.025722727272727265,0.01818764397517645,
168,San Pablo-Rumrill Blvd,2020-02-11,0.02032173913043478,0.01818764397517645,
169,Oakland-West,2020-02-11,0.036960869565217394,0.01818764397517645,
170,Oakland-Laney College                   ,2020-02-11,0.05536521739130436,0.01818764397517645,
171,Sebastopol-103 Morris Street            ,2020-02-11,0.010865217391304346,0.01818764397517645,
172,San Jose-Knox Avenue                    ,2020-02-11,0.028239130434782617,0.01818764397517645,
173,Berkeley-Aquatic Park                   ,2020-02-11,0.03555652173913044,0.01818764397517645,
174,Napa-Valley College,2020-02-11,0.007914285714285714,0.01818764397517645,
175,Pleasanton-Owens Ct                     ,2020-02-11,0.04265217391304349,0.01818764397517645,
176,Redwood City,2020-02-12,0.035186956521739136,0.01818764397517645,
177,San Francisco-Arkansas Street,2020-02-12,0.03677391304347826,0.01818764397517645,
178,Vallejo-304 Tuolumne Street,2020-02-12,0.04705217391304349,0.01818764397517645,
179,San Rafael,2020-02-12,0.027982608695652177,0.01818764397517645,
180,Concord-2956-A Treat Blvd,2020-02-12,0.01583478260869566,0.01818764397517645,
181,Oakland-9925 International Blvd,2020-02-12,0.031991304347826086,0.01818764397517645,
182,Livermore-793 Rincon Avenue,2020-02-12,0.028217391304347823,0.01818764397517645,
183,San Jose-Jackson Street,2020-02-12,0.02425454545454546,0.01818764397517645,
184,San Pablo-Rumrill Blvd,2020-02-12,0.018856521739130442,0.01818764397517645,
185,Oakland-West,2020-02-12,0.0417695652173913,0.01818764397517645,
186,Oakland-Laney College                   ,2020-02-12,0.05240869565217392,0.01818764397517645,
187,Sebastopol-103 Morris Street            ,2020-02-12,0.011408695652173912,0.01818764397517645,
188,San Jose-Knox Avenue                    ,2020-02-12,0.039134782608695656,0.01818764397517645,
189,Berkeley-Aquatic Park                   ,2020-02-12,0.04203913043478262,0.01818764397517645,
190,Napa-Valley College,2020-02-12,0.016495652173913043,0.01818764397517645,
191,Pleasanton-Owens Ct                     ,2020-02-12,0.047747826086956525,0.01818764397517645,
192,Redwood City,2020-02-13,0.014986956521739125,0.01818764397517645,
193,San Francisco-Arkansas Street,2020-02-13,0.0055478260869565215,0.01818764397517645,
194,Vallejo-304 Tuolumne Street,2020-02-13,0.005569565217391305,0.01818764397517645,
195,San Rafael,2020-02-13,0.018423809523809523,0.01818764397517645,
196,Concord-2956-A Treat Blvd,2020-02-13,0.009426086956521739,0.01818764397517645,
197,Oakland-9925 International Blvd,2020-02-13,0.010265217391304347,0.01818764397517645,
198,Livermore-793 Rincon Avenue,2020-02-13,0.0153,0.01818764397517645,
199,San Jose-Jackson Street,2020-02-13,0.00905,0.01818764397517645,
200,San Pablo-Rumrill Blvd,2020-02-13,0.00781304347826087,0.01818764397517645,
201,Oakland-West,2020-02-13,0.01102608695652174,0.01818764397517645,
202,Oakland-Laney College                   ,2020-02-13,0.025856521739130434,0.01818764397517645,
203,Sebastopol-103 Morris Street            ,2020-02-13,0.005130434782608696,0.01818764397517645,
204,San Jose-Knox Avenue                    ,2020-02-13,0.017934782608695653,0.01818764397517645,
205,Berkeley-Aquatic Park                   ,2020-02-13,0.025947826086956522,0.01818764397517645,
206,Napa-Valley College,2020-02-13,0.006499999999999997,0.01818764397517645,
207,Pleasanton-Owens Ct                     ,2020-02-13,0.02812608695652173,0.01818764397517645,
208,Redwood City,2020-02-14,0.011877272727272726,0.01818764397517645,
209,San Francisco-Arkansas Street,2020-02-14,0.013295454545454548,0.01818764397517645,
210,Vallejo-304 Tuolumne Street,2020-02-14,0.009545454545454546,0.01818764397517645,
211,San Rafael,2020-02-14,0.009459090909090908,0.01818764397517645,
212,Concord-2956-A Treat Blvd,2020-02-14,0.005508695652173912,0.01818764397517645,
213,Oakland-9925 International Blvd,2020-02-14,0.014734782608695653,0.01818764397517645,
214,Livermore-793 Rincon Avenue,2020-02-14,0.008730434782608695,0.01818764397517645,
215,San Jose-Jackson Street,2020-02-14,0.015063636363636364,0.01818764397517645,
216,San Pablo-Rumrill Blvd,2020-02-14,0.01127391304347826,0.01818764397517645,
217,Oakland-West,2020-02-14,0.016654545454545457,0.01818764397517645,
218,Oakland-Laney College                   ,2020-02-14,0.027543478260869562,0.01818764397517645,
219,Sebastopol-103 Morris Street            ,2020-02-14,0.005430434782608695,0.01818764397517645,
220,San Jose-Knox Avenue                    ,2020-02-14,0.019591304347826084,0.01818764397517645,
221,Berkeley-Aquatic Park                   ,2020-02-14,0.026491304347826084,0.01818764397517645,
222,Napa-Valley College,2020-02-14,0.00751304347826087,0.01818764397517645,
223,Pleasanton-Owens Ct                     ,2020-02-14,0.02314782608695652,0.01818764397517645,
224,Redwood City,2020-02-15,0.0164,0.01818764397517645,
225,San Francisco-Arkansas Street,2020-02-15,0.009930434782608695,0.01818764397517645,
226,Vallejo-304 Tuolumne Street,2020-02-15,0.019091304347826087,0.01818764397517645,
227,San Rafael,2020-02-15,0.012643478260869563,0.01818764397517645,
228,Concord-2956-A Treat Blvd,2020-02-15,0.01201304347826087,0.01818764397517645,
229,Oakland-9925 International Blvd,2020-02-15,0.0171,0.01818764397517645,
230,Livermore-793 Rincon Avenue,2020-02-15,0.016669565217391304,0.01818764397517645,
231,San Jose-Jackson Street,2020-02-15,0.021463636363636355,0.01818764397517645,
232,San Pablo-Rumrill Blvd,2020-02-15,0.01668695652173913,0.01818764397517645,
233,Oakland-West,2020-02-15,0.02065652173913043,0.01818764397517645,
234,Oakland-Laney College                   ,2020-02-15,0.02861304347826087,0.01818764397517645,
235,Sebastopol-103 Morris Street            ,2020-02-15,0.009278260869565217,0.01818764397517645,
236,San Jose-Knox Avenue                    ,2020-02-15,0.029239130434782608,0.01818764397517645,
237,Berkeley-Aquatic Park                   ,2020-02-15,0.0230304347826087,0.01818764397517645,
238,Napa-Valley College,2020-02-15,0.010395652173913042,0.01818764397517645,
239,Pleasanton-Owens Ct                     ,2020-02-15,0.022900000000000004,0.01818764397517645,
240,Redwood City,2020-02-16,0.006247826086956524,0.01818764397517645,
241,San Francisco-Arkansas Street,2020-02-16,0.0075347826086956515,0.01818764397517645,
242,Vallejo-304 Tuolumne Street,2020-02-16,0.0034130434782608694,0.01818764397517645,
243,San Rafael,2020-02-16,0.004139130434782609,0.01818764397517645,
244,Concord-2956-A Treat Blvd,2020-02-16,0.005199999999999999,0.01818764397517645,
245,Oakland-9925 International Blvd,2020-02-16,0.009178260869565217,0.01818764397517645,
247,San Jose-Jackson Street,2020-02-16,0.01567272727272728,0.01818764397517645,
248,San Pablo-Rumrill Blvd,2020-02-16,0.00905217391304348,0.01818764397517645,
249,Oakland-West,2020-02-16,0.010791304347826085,0.01818764397517645,
250,Oakland-Laney College                   ,2020-02-16,0.015813043478260867,0.01818764397517645,
251,Sebastopol-103 Morris Street            ,2020-02-16,0.006608695652173912,0.01818764397517645,
252,San Jose-Knox Avenue                    ,2020-02-16,0.019504347826086958,0.01818764397517645,
253,Berkeley-Aquatic Park                   ,2020-02-16,0.019517391304347827,0.01818764397517645,
254,Napa-Valley College,2020-02-16,0.005782608695652173,0.01818764397517645,
255,Pleasanton-Owens Ct                     ,2020-02-16,0.013947826086956524,0.01818764397517645,
256,Redwood City,2020-02-17,0.018947826086956523,0.01818764397517645,
257,San Francisco-Arkansas Street,2020-02-17,0.0196,0.01818764397517645,
258,Vallejo-304 Tuolumne Street,2020-02-17,0.022656521739130436,0.01818764397517645,
259,San Rafael,2020-02-17,0.02142608695652174,0.01818764397517645,
260,Concord-2956-A Treat Blvd,2020-02-17,0.012013043478260871,0.01818764397517645,
261,Oakland-9925 International Blvd,2020-02-17,0.02143913043478261,0.01818764397517645,
263,San Jose-Jackson Street,2020-02-17,0.01448181818181818,0.01818764397517645,
264,San Pablo-Rumrill Blvd,2020-02-17,0.01168695652173913,0.01818764397517645,
265,Oakland-West,2020-02-17,0.03406956521739131,0.01818764397517645,
266,Oakland-Laney College                   ,2020-02-17,0.03591304347826087,0.01818764397517645,
267,Sebastopol-103 Morris Street            ,2020-02-17,0.009104347826086956,0.01818764397517645,
268,San Jose-Knox Avenue                    ,2020-02-17,0.018182608695652174,0.01818764397517645,
269,Berkeley-Aquatic Park                   ,2020-02-17,0.03843913043478261,0.01818764397517645,
270,Napa-Valley College,2020-02-17,0.011295652173913042,0.01818764397517645,
271,Pleasanton-Owens Ct                     ,2020-02-17,0.018669565217391305,0.01818764397517645,
272,Redwood City,2020-02-18,0.02511363636363637,0.01818764397517645,
273,San Francisco-Arkansas Street,2020-02-18,0.02430869565217391,0.01818764397517645,
274,Vallejo-304 Tuolumne Street,2020-02-18,0.014139130434782609,0.01818764397517645,
275,San Rafael,2020-02-18,0.022147826086956514,0.01818764397517645,
276,Concord-2956-A Treat Blvd,2020-02-18,0.00952173913043478,0.01818764397517645,
277,Oakland-9925 International Blvd,2020-02-18,0.017726086956521735,0.01818764397517645,
278,Livermore-793 Rincon Avenue,2020-02-18,0.01264,0.01818764397517645,
279,San Jose-Jackson Street,2020-02-18,0.02726363636363637,0.01818764397517645,
280,San Pablo-Rumrill Blvd,2020-02-18,0.017234782608695657,0.01818764397517645,
281,Oakland-West,2020-02-18,0.04599999999999999,0.01818764397517645,
282,Oakland-Laney College                   ,2020-02-18,0.05650434782608697,0.01818764397517645,
283,Sebastopol-103 Morris Street            ,2020-02-18,0.012482608695652172,0.01818764397517645,
284,San Jose-Knox Avenue                    ,2020-02-18,0.03862173913043478,0.01818764397517645,
285,Berkeley-Aquatic Park                   ,2020-02-18,0.05038695652173912,0.01818764397517645,
286,Napa-Valley College,2020-02-18,0.017088888888888886,0.01818764397517645,
287,Pleasanton-Owens Ct                     ,2020-02-18,0.01537391304347826,0.01818764397517645,
288,Redwood City,2020-02-19,0.02740434782608695,0.01818764397517645,
289,San Francisco-Arkansas Street,2020-02-19,0.01894347826086957,0.01818764397517645,
290,Vallejo-304 Tuolumne Street,2020-02-19,0.03363478260869565,0.01818764397517645,
291,San Rafael,2020-02-19,0.01826521739130435,0.01818764397517645,
292,Concord-2956-A Treat Blvd,2020-02-19,0.01337391304347826,0.01818764397517645,
293,Oakland-9925 International Blvd,2020-02-19,0.026791304347826086,0.01818764397517645,
294,Livermore-793 Rincon Avenue,2020-02-19,0.03170434782608696,0.01818764397517645,
295,San Jose-Jackson Street,2020-02-19,0.03316818181818182,0.01818764397517645,
296,San Pablo-Rumrill Blvd,2020-02-19,0.019170000000000006,0.01818764397517645,
297,Oakland-West,2020-02-19,0.029239130434782597,0.01818764397517645,
298,Oakland-Laney College                   ,2020-02-19,0.0341695652173913,0.01818764397517645,
299,Sebastopol-103 Morris Street            ,2020-02-19,0.008686956521739132,0.01818764397517645,
300,San Jose-Knox Avenue                    ,2020-02-19,0.04074347826086956,0.01818764397517645,
301,Berkeley-Aquatic Park                   ,2020-02-19,0.03631904761904761,0.01818764397517645,
302,Napa-Valley College,2020-02-19,0.015334999999999998,0.01818764397517645,
303,Pleasanton-Owens Ct                     ,2020-02-19,0.04218695652173913,0.01818764397517645,
304,Redwood City,2020-02-20,0.03105217391304348,0.01818764397517645,
305,San Francisco-Arkansas Street,2020-02-20,0.033426086956521744,0.01818764397517645,
306,Vallejo-304 Tuolumne Street,2020-02-20,0.02755217391304348,0.01818764397517645,
307,San Rafael,2020-02-20,0.021634782608695655,0.01818764397517645,
308,Concord-2956-A Treat Blvd,2020-02-20,0.015886363636363632,0.01818764397517645,
309,Oakland-9925 International Blvd,2020-02-20,0.02457391304347826,0.01818764397517645,
310,Livermore-793 Rincon Avenue,2020-02-20,0.027743478260869557,0.01818764397517645,
311,San Jose-Jackson Street,2020-02-20,0.03580454545454545,0.01818764397517645,
312,San Pablo-Rumrill Blvd,2020-02-20,0.015765217391304345,0.01818764397517645,
313,Oakland-West,2020-02-20,0.032504347826086966,0.01818764397517645,
314,Oakland-Laney College                   ,2020-02-20,0.043404347826086966,0.01818764397517645,
315,Sebastopol-103 Morris Street            ,2020-02-20,0.013760869565217389,0.01818764397517645,
316,San Jose-Knox Avenue                    ,2020-02-20,0.041321739130434784,0.01818764397517645,
317,Berkeley-Aquatic Park                   ,2020-02-20,0.04415238095238096,0.01818764397517645,
318,Napa-Valley College,2020-02-20,0.015004347826086955,0.01818764397517645,
319,Pleasanton-Owens Ct                     ,2020-02-20,0.04434347826086957,0.01818764397517645,
320,Redwood City,2020-02-21,0.029277272727272728,0.01818764397517645,
321,San Francisco-Arkansas Street,2020-02-21,0.024227272727272722,0.01818764397517645,
322,Vallejo-304 Tuolumne Street,2020-02-21,0.03789545454545453,0.01818764397517645,
323,San Rafael,2020-02-21,0.021622727272727276,0.01818764397517645,
324,Concord-2956-A Treat Blvd,2020-02-21,0.014252173913043478,0.01818764397517645,
325,Oakland-9925 International Blvd,2020-02-21,0.022117391304347832,0.01818764397517645,
326,Livermore-793 Rincon Avenue,2020-02-21,0.02884782608695651,0.01818764397517645,
327,San Jose-Jackson Street,2020-02-21,0.048568181818181816,0.01818764397517645,
328,San Pablo-Rumrill Blvd,2020-02-21,0.016847826086956518,0.01818764397517645,
329,Oakland-West,2020-02-21,0.04175,0.01818764397517645,
330,Oakland-Laney College                   ,2020-02-21,0.053752173913043474,0.01818764397517645,
331,Sebastopol-103 Morris Street            ,2020-02-21,0.015431249999999997,0.01818764397517645,
332,San Jose-Knox Avenue                    ,2020-02-21,0.04488695652173912,0.01818764397517645,
333,Berkeley-Aquatic Park                   ,2020-02-21,0.03951428571428572,0.01818764397517645,
334,Napa-Valley College,2020-02-21,0.01566086956521739,0.01818764397517645,
335,Pleasanton-Owens Ct                     ,2020-02-21,0.038947826086956516,0.01818764397517645,
336,Redwood City,2020-02-22,0.012769565217391305,0.01818764397517645,
337,San Francisco-Arkansas Street,2020-02-22,0.0081,0.01818764397517645,
338,Vallejo-304 Tuolumne Street,2020-02-22,0.0161,0.01818764397517645,
339,San Rafael,2020-02-22,0.013613043478260872,0.01818764397517645,
340,Concord-2956-A Treat Blvd,2020-02-22,0.008613043478260867,0.01818764397517645,
341,Oakland-9925 International Blvd,2020-02-22,0.014004347826086954,0.01818764397517645,
342,Livermore-793 Rincon Avenue,2020-02-22,0.010947826086956521,0.01818764397517645,
343,San Jose-Jackson Street,2020-02-22,0.012368181818181816,0.01818764397517645,
344,San Pablo-Rumrill Blvd,2020-02-22,0.010930434782608694,0.01818764397517645,
345,Oakland-West,2020-02-22,0.008886956521739129,0.01818764397517645,
346,Oakland-Laney College                   ,2020-02-22,0.01662608695652174,0.01818764397517645,
347,Sebastopol-103 Morris Street            ,2020-02-22,0.0071,0.01818764397517645,
348,San Jose-Knox Avenue                    ,2020-02-22,0.01915217391304348,0.01818764397517645,
349,Berkeley-Aquatic Park                   ,2020-02-22,0.02194782608695652,0.01818764397517645,
350,Napa-Valley College,2020-02-22,0.007560869565217392,0.01818764397517645,
351,Pleasanton-Owens Ct                     ,2020-02-22,0.019069565217391303,0.01818764397517645,
352,Redwood City,2020-02-23,0.004265217391304347,0.01818764397517645,
353,San Francisco-Arkansas Street,2020-02-23,0.005760869565217391,0.01818764397517645,
354,Vallejo-304 Tuolumne Street,2020-02-23,0.004126086956521739,0.01818764397517645,
355,San Rafael,2020-02-23,0.003965217391304348,0.01818764397517645,
356,Concord-2956-A Treat Blvd,2020-02-23,0.0034347826086956524,0.01818764397517645,
357,Oakland-9925 International Blvd,2020-02-23,0.0050391304347826085,0.01818764397517645,
358,Livermore-793 Rincon Avenue,2020-02-23,0.004334782608695652,0.01818764397517645,
359,San Jose-Jackson Street,2020-02-23,0.007954545454545454,0.01818764397517645,
360,San Pablo-Rumrill Blvd,2020-02-23,0.007300000000000001,0.01818764397517645,
361,Oakland-West,2020-02-23,0.0062782608695652175,0.01818764397517645,
362,Oakland-Laney College                   ,2020-02-23,0.012760869565217393,0.01818764397517645,
363,Sebastopol-103 Morris Street            ,2020-02-23,0.00548695652173913,0.01818764397517645,
364,San Jose-Knox Avenue                    ,2020-02-23,0.01267391304347826,0.01818764397517645,
365,Berkeley-Aquatic Park                   ,2020-02-23,0.01453478260869565,0.01818764397517645,
366,Napa-Valley College,2020-02-23,0.003960869565217392,0.01818764397517645,
367,Pleasanton-Owens Ct                     ,2020-02-23,0.006330434782608696,0.01818764397517645,
368,Redwood City,2020-02-24,0.020408695652173913,0.01818764397517645,
369,San Francisco-Arkansas Street,2020-02-24,0.023169565217391306,0.01818764397517645,
370,Vallejo-304 Tuolumne Street,2020-02-24,0.02211304347826087,0.01818764397517645,
371,San Rafael,2020-02-24,0.017704347826086958,0.01818764397517645,
372,Concord-2956-A Treat Blvd,2020-02-24,0.009577272727272728,0.01818764397517645,
373,Oakland-9925 International Blvd,2020-02-24,0.01978695652173913,0.01818764397517645,
374,Livermore-793 Rincon Avenue,2020-02-24,0.018282608695652174,0.01818764397517645,
375,San Jose-Jackson Street,2020-02-24,0.020663636363636367,0.01818764397517645,
376,San Pablo-Rumrill Blvd,2020-02-24,0.012230434782608695,0.01818764397517645,
377,Oakland-West,2020-02-24,0.020463636363636364,0.01818764397517645,
378,Oakland-Laney College                   ,2020-02-24,0.031778260869565214,0.01818764397517645,
379,Sebastopol-103 Morris Street            ,2020-02-24,0.009409523809523809,0.01818764397517645,
380,San Jose-Knox Avenue                    ,2020-02-24,0.029013043478260874,0.01818764397517645,
381,Berkeley-Aquatic Park                   ,2020-02-24,0.0353695652173913,0.01818764397517645,
382,Napa-Valley College,2020-02-24,0.015582608695652174,0.01818764397517645,
383,Pleasanton-Owens Ct                     ,2020-02-24,0.038034782608695646,0.01818764397517645,
384,Redwood City,2020-02-25,0.029021739130434782,0.01818764397517645,
385,San Francisco-Arkansas Street,2020-02-25,0.039808695652173924,0.01818764397517645,
386,Vallejo-304 Tuolumne Street,2020-02-25,0.037809523809523814,0.01818764397517645,
387,San Rafael,2020-02-25,0.02953913043478261,0.01818764397517645,
388,Concord-2956-A Treat Blvd,2020-02-25,0.013899999999999997,0.01818764397517645,
389,Oakland-9925 International Blvd,2020-02-25,0.019526086956521742,0.01818764397517645,
390,Livermore-793 Rincon Avenue,2020-02-25,0.01679047619047619,0.01818764397517645,
391,San Jose-Jackson Street,2020-02-25,0.03289090909090909,0.01818764397517645,
392,San Pablo-Rumrill Blvd,2020-02-25,0.019047826086956522,0.01818764397517645,
393,Oakland-West,2020-02-25,0.04743913043478261,0.01818764397517645,
394,Oakland-Laney College                   ,2020-02-25,0.0478304347826087,0.01818764397517645,
395,Sebastopol-103 Morris Street            ,2020-02-25,0.00863913043478261,0.01818764397517645,
396,San Jose-Knox Avenue                    ,2020-02-25,0.0421,0.01818764397517645,
397,Berkeley-Aquatic Park                   ,2020-02-25,0.05264347826086955,0.01818764397517645,
398,Napa-Valley College,2020-02-25,0.010413636363636364,0.01818764397517645,
399,Pleasanton-Owens Ct                     ,2020-02-25,0.045634782608695655,0.01818764397517645,
400,Redwood City,2020-02-26,0.02933478260869565,0.01818764397517645,
401,San Francisco-Arkansas Street,2020-02-26,0.035956521739130436,0.01818764397517645,
402,Vallejo-304 Tuolumne Street,2020-02-26,0.033539130434782606,0.01818764397517645,
403,San Rafael,2020-02-26,0.021826315789473683,0.01818764397517645,
404,Concord-2956-A Treat Blvd,2020-02-26,0.013669565217391303,0.01818764397517645,
405,Oakland-9925 International Blvd,2020-02-26,0.02717826086956521,0.01818764397517645,
406,Livermore-793 Rincon Avenue,2020-02-26,0.027618181818181816,0.01818764397517645,
407,San Jose-Jackson Street,2020-02-26,0.02805000000000001,0.01818764397517645,
408,San Pablo-Rumrill Blvd,2020-02-26,0.019739130434782613,0.01818764397517645,
409,Oakland-West,2020-02-26,0.04773157894736841,0.01818764397517645,
410,Oakland-Laney College                   ,2020-02-26,0.046043478260869575,0.01818764397517645,
411,Sebastopol-103 Morris Street            ,2020-02-26,0.01061304347826087,0.01818764397517645,
412,San Jose-Knox Avenue                    ,2020-02-26,0.043073913043478254,0.01818764397517645,
413,Berkeley-Aquatic Park                   ,2020-02-26,0.05210434782608695,0.01818764397517645,
414,Napa-Valley College,2020-02-26,0.015278260869565217,0.01818764397517645,
415,Pleasanton-Owens Ct                     ,2020-02-26,0.04169565217391303,0.01818764397517645,
416,Redwood City,2020-02-27,0.027900000000000008,0.01818764397517645,
417,San Francisco-Arkansas Street,2020-02-27,0.037856521739130435,0.01818764397517645,
418,Vallejo-304 Tuolumne Street,2020-02-27,0.029317391304347826,0.01818764397517645,
419,San Rafael,2020-02-27,0.020930434782608694,0.01818764397517645,
420,Concord-2956-A Treat Blvd,2020-02-27,0.01057391304347826,0.01818764397517645,
421,Oakland-9925 International Blvd,2020-02-27,0.020957894736842106,0.01818764397517645,
422,Livermore-793 Rincon Avenue,2020-02-27,0.026882608695652174,0.01818764397517645,
423,San Jose-Jackson Street,2020-02-27,0.036931818181818184,0.01818764397517645,
424,San Pablo-Rumrill Blvd,2020-02-27,0.01633478260869565,0.01818764397517645,
425,Oakland-West,2020-02-27,0.04096000000000001,0.01818764397517645,
426,Oakland-Laney College                   ,2020-02-27,0.05182727272727274,0.01818764397517645,
427,Sebastopol-103 Morris Street            ,2020-02-27,0.009904347826086957,0.01818764397517645,
428,San Jose-Knox Avenue                    ,2020-02-27,0.04588260869565217,0.01818764397517645,
429,Berkeley-Aquatic Park                   ,2020-02-27,0.04734499999999999,0.01818764397517645,
430,Napa-Valley College,2020-02-27,0.013456521739130435,0.01818764397517645,
431,Pleasanton-Owens Ct                     ,2020-02-27,0.0397304347826087,0.01818764397517645,
432,Redwood City,2020-02-28,0.022495454545454544,0.01818764397517645,
433,San Francisco-Arkansas Street,2020-02-28,0.03405909090909092,0.01818764397517645,
434,Vallejo-304 Tuolumne Street,2020-02-28,0.02030909090909091,0.01818764397517645,
435,San Rafael,2020-02-28,0.02037727272727272,0.01818764397517645,
436,Concord-2956-A Treat Blvd,2020-02-28,0.010943478260869565,0.01818764397517645,
437,Oakland-9925 International Blvd,2020-02-28,0.011885714285714282,0.01818764397517645,
438,Livermore-793 Rincon Avenue,2020-02-28,0.023813043478260864,0.01818764397517645,
439,San Jose-Jackson Street,2020-02-28,0.027695454545454554,0.01818764397517645,
440,San Pablo-Rumrill Blvd,2020-02-28,0.0177,0.01818764397517645,
441,Oakland-West,2020-02-28,0.024740909090909088,0.01818764397517645,
442,Oakland-Laney College                   ,2020-02-28,0.03530869565217391,0.01818764397517645,
443,Sebastopol-103 Morris Street            ,2020-02-28,0.008108695652173911,0.01818764397517645,
444,San Jose-Knox Avenue                    ,2020-02-28,0.039282608695652164,0.01818764397517645,
445,Berkeley-Aquatic Park                   ,2020-02-28,0.04382608695652174,0.01818764397517645,
446,Napa-Valley College,2020-02-28,0.01062608695652174,0.01818764397517645,
447,Pleasanton-Owens Ct                     ,2020-02-28,0.03797391304347826,0.01818764397517645,
448,Redwood City,2020-02-29,0.004000000000000001,0.01818764397517645,
449,San Francisco-Arkansas Street,2020-02-29,0.003352631578947368,0.01818764397517645,
450,Vallejo-304 Tuolumne Street,2020-02-29,0.00238421052631579,0.01818764397517645,
451,San Rafael,2020-02-29,0.003984210526315788,0.01818764397517645,
452,Concord-2956-A Treat Blvd,2020-02-29,0.0031260869565217387,0.01818764397517645,
453,Oakland-9925 International Blvd,2020-02-29,0.005252631578947369,0.01818764397517645,
454,Livermore-793 Rincon Avenue,2020-02-29,0.0023052631578947373,0.01818764397517645,
455,San Jose-Jackson Street,2020-02-29,0.005257894736842106,0.01818764397517645,
456,San Pablo-Rumrill Blvd,2020-02-29,0.004517391304347826,0.01818764397517645,
457,Oakland-West,2020-02-29,0.0062105263157894745,0.01818764397517645,
458,Oakland-Laney College                   ,2020-02-29,0.015510000000000001,0.01818764397517645,
459,Sebastopol-103 Morris Street            ,2020-02-29,0.0041739130434782605,0.01818764397517645,
460,San Jose-Knox Avenue                    ,2020-02-29,0.013485,0.01818764397517645,
461,Berkeley-Aquatic Park                   ,2020-02-29,0.015343478260869563,0.01818764397517645,
462,Napa-Valley College,2020-02-29,0.0038565217391304356,0.01818764397517645,
463,Pleasanton-Owens Ct                     ,2020-02-29,0.006430434782608697,0.01818764397517645,
464,Redwood City,2020-03-01,0.0035000000000000005,0.01818764397517645,
465,San Francisco-Arkansas Street,2020-03-01,0.007769565217391303,0.01818764397517645,
466,Vallejo-304 Tuolumne Street,2020-03-01,0.00422608695652174,0.01818764397517645,
467,San Rafael,2020-03-01,0.004843478260869565,0.01818764397517645,
468,Concord-2956-A Treat Blvd,2020-03-01,0.003469565217391304,0.01818764397517645,
469,Oakland-9925 International Blvd,2020-03-01,0.006708695652173913,0.01818764397517645,
470,Livermore-793 Rincon Avenue,2020-03-01,0.0024304347826086957,0.01818764397517645,
471,San Jose-Jackson Street,2020-03-01,0.006772727272727274,0.01818764397517645,
472,San Pablo-Rumrill Blvd,2020-03-01,0.004326086956521739,0.01818764397517645,
473,Oakland-West,2020-03-01,0.0055608695652173915,0.01818764397517645,
474,Oakland-Laney College                   ,2020-03-01,0.00792608695652174,0.01818764397517645,
475,Sebastopol-103 Morris Street            ,2020-03-01,0.0028869565217391293,0.01818764397517645,
476,San Jose-Knox Avenue                    ,2020-03-01,0.011169565217391306,0.01818764397517645,
477,Berkeley-Aquatic Park                   ,2020-03-01,0.009295652173913043,0.01818764397517645,
478,Napa-Valley College,2020-03-01,0.003052173913043478,0.01818764397517645,
479,Pleasanton-Owens Ct                     ,2020-03-01,0.009695652173913044,0.01818764397517645,
480,Redwood City,2020-03-02,0.007950000000000002,0.01818764397517645,
481,San Francisco-Arkansas Street,2020-03-02,0.011156521739130435,0.01818764397517645,
482,Vallejo-304 Tuolumne Street,2020-03-02,0.006430434782608696,0.01818764397517645,
483,San Rafael,2020-03-02,0.007882608695652174,0.01818764397517645,
484,Concord-2956-A Treat Blvd,2020-03-02,0.00861304347826087,0.01818764397517645,
485,Oakland-9925 International Blvd,2020-03-02,0.009685714285714285,0.01818764397517645,
486,Livermore-793 Rincon Avenue,2020-03-02,0.00388695652173913,0.01818764397517645,
487,San Jose-Jackson Street,2020-03-02,0.008172727272727274,0.01818764397517645,
488,San Pablo-Rumrill Blvd,2020-03-02,0.003960869565217392,0.01818764397517645,
489,Oakland-West,2020-03-02,0.006473913043478261,0.01818764397517645,
490,Oakland-Laney College                   ,2020-03-02,0.009836363636363636,0.01818764397517645,
491,Sebastopol-103 Morris Street            ,2020-03-02,0.0038347826086956526,0.01818764397517645,
492,San Jose-Knox Avenue                    ,2020-03-02,0.015769565217391302,0.01818764397517645,
493,Berkeley-Aquatic Park                   ,2020-03-02,0.018015789473684214,0.01818764397517645,
494,Napa-Valley College,2020-03-02,0.0053391304347826084,0.01818764397517645,
495,Pleasanton-Owens Ct                     ,2020-03-02,0.02091739130434783,0.01818764397517645,
496,Redwood City,2020-03-03,0.022150000000000006,0.01818764397517645,
497,San Francisco-Arkansas Street,2020-03-03,0.02771428571428571,0.01818764397517645,
498,Vallejo-304 Tuolumne Street,2020-03-03,0.014391304347826088,0.01818764397517645,
499,San Rafael,2020-03-03,0.019699999999999995,0.01818764397517645,
500,Concord-2956-A Treat Blvd,2020-03-03,0.009147826086956521,0.01818764397517645,
501,Oakland-9925 International Blvd,2020-03-03,0.02023181818181818,0.01818764397517645,
502,Livermore-793 Rincon Avenue,2020-03-03,0.011949999999999999,0.01818764397517645,
503,San Jose-Jackson Street,2020-03-03,0.029090909090909087,0.01818764397517645,
504,San Pablo-Rumrill Blvd,2020-03-03,0.01201304347826087,0.01818764397517645,
505,Oakland-West,2020-03-03,0.03316521739130435,0.01818764397517645,
506,Oakland-Laney College                   ,2020-03-03,0.04534347826086956,0.01818764397517645,
507,Sebastopol-103 Morris Street            ,2020-03-03,0.0075608695652173916,0.01818764397517645,
508,San Jose-Knox Avenue                    ,2020-03-03,0.036313043478260865,0.01818764397517645,
509,Berkeley-Aquatic Park                   ,2020-03-03,0.034186363636363626,0.01818764397517645,
510,Napa-Valley College,2020-03-03,0.011465,0.01818764397517645,
511,Pleasanton-Owens Ct                     ,2020-03-03,0.03241304347826087,0.01818764397517645,
512,Redwood City,2020-03-04,0.019571428571428573,0.01818764397517645,
513,San Francisco-Arkansas Street,2020-03-04,0.025982608695652176,0.01818764397517645,
514,Vallejo-304 Tuolumne Street,2020-03-04,0.018108695652173913,0.01818764397517645,
515,San Rafael,2020-03-04,0.019743478260869564,0.01818764397517645,
516,Concord-2956-A Treat Blvd,2020-03-04,0.012208695652173912,0.01818764397517645,
517,Oakland-9925 International Blvd,2020-03-04,0.029078260869565217,0.01818764397517645,
518,Livermore-793 Rincon Avenue,2020-03-04,0.028965217391304348,0.01818764397517645,
519,San Jose-Jackson Street,2020-03-04,0.02893181818181817,0.01818764397517645,
520,San Pablo-Rumrill Blvd,2020-03-04,0.01205217391304348,0.01818764397517645,
521,Oakland-West,2020-03-04,0.02697826086956522,0.01818764397517645,
522,Oakland-Laney College                   ,2020-03-04,0.03797391304347826,0.01818764397517645,
523,Sebastopol-103 Morris Street            ,2020-03-04,0.00962608695652174,0.01818764397517645,
524,San Jose-Knox Avenue                    ,2020-03-04,0.03401904761904763,0.01818764397517645,
525,Berkeley-Aquatic Park                   ,2020-03-04,0.025222222222222226,0.01818764397517645,
526,Napa-Valley College,2020-03-04,0.012017391304347825,0.01818764397517645,
527,Pleasanton-Owens Ct                     ,2020-03-04,0.03647826086956521,0.01818764397517645,
528,Redwood City,2020-03-05,0.008295652173913046,0.01818764397517645,
529,San Francisco-Arkansas Street,2020-03-05,0.008495454545454546,0.01818764397517645,
530,Vallejo-304 Tuolumne Street,2020-03-05,0.0038608695652173914,0.01818764397517645,
531,San Rafael,2020-03-05,0.010595652173913042,0.01818764397517645,
532,Concord-2956-A Treat Blvd,2020-03-05,0.005273913043478261,0.01818764397517645,
533,Oakland-9925 International Blvd,2020-03-05,0.009904545454545452,0.01818764397517645,
534,Livermore-793 Rincon Avenue,2020-03-05,0.015477272727272728,0.01818764397517645,
535,San Jose-Jackson Street,2020-03-05,0.008777272727272727,0.01818764397517645,
536,San Pablo-Rumrill Blvd,2020-03-05,0.006484210526315789,0.01818764397517645,
537,Oakland-West,2020-03-05,0.008334782608695652,0.01818764397517645,
538,Oakland-Laney College                   ,2020-03-05,0.020639130434782608,0.01818764397517645,
539,Sebastopol-103 Morris Street            ,2020-03-05,0.002673913043478261,0.01818764397517645,
540,San Jose-Knox Avenue                    ,2020-03-05,0.012912499999999999,0.01818764397517645,
541,Berkeley-Aquatic Park                   ,2020-03-05,0.022526086956521734,0.01818764397517645,
542,Napa-Valley College,2020-03-05,0.003743478260869564,0.01818764397517645,
543,Pleasanton-Owens Ct                     ,2020-03-05,0.029404347826086957,0.01818764397517645,
544,Redwood City,2020-03-06,0.003254545454545455,0.01818764397517645,
545,San Francisco-Arkansas Street,2020-03-06,0.005536363636363637,0.01818764397517645,
546,Vallejo-304 Tuolumne Street,2020-03-06,0.003304545454545454,0.01818764397517645,
547,San Rafael,2020-03-06,0.006845454545454546,0.01818764397517645,
548,Concord-2956-A Treat Blvd,2020-03-06,0.0034608695652173904,0.01818764397517645,
549,Oakland-9925 International Blvd,2020-03-06,0.005291304347826087,0.01818764397517645,
550,Livermore-793 Rincon Avenue,2020-03-06,0.0032666666666666655,0.01818764397517645,
551,San Jose-Jackson Street,2020-03-06,0.006072727272727272,0.01818764397517645,
552,San Pablo-Rumrill Blvd,2020-03-06,0.005395652173913044,0.01818764397517645,
553,Oakland-West,2020-03-06,0.004913636363636363,0.01818764397517645,
554,Oakland-Laney College                   ,2020-03-06,0.017121739130434785,0.01818764397517645,
555,Sebastopol-103 Morris Street            ,2020-03-06,0.002813043478260869,0.01818764397517645,
556,San Jose-Knox Avenue                    ,2020-03-06,0.014625000000000004,0.01818764397517645,
557,Berkeley-Aquatic Park                   ,2020-03-06,0.0183,0.01818764397517645,
558,Napa-Valley College,2020-03-06,0.0011782608695652176,0.01818764397517645,
559,Pleasanton-Owens Ct                     ,2020-03-06,0.012280952380952382,0.01818764397517645,
560,Redwood City,2020-03-07,0.003991304347826086,0.01818764397517645,
561,San Francisco-Arkansas Street,2020-03-07,0.005256521739130435,0.01818764397517645,
562,Vallejo-304 Tuolumne Street,2020-03-07,0.0035086956521739134,0.01818764397517645,
563,San Rafael,2020-03-07,0.00688695652173913,0.01818764397517645,
564,Concord-2956-A Treat Blvd,2020-03-07,0.003826086956521739,0.01818764397517645,
565,Oakland-9925 International Blvd,2020-03-07,0.005869565217391306,0.01818764397517645,
566,Livermore-793 Rincon Avenue,2020-03-07,0.0023434782608695646,0.01818764397517645,
567,San Jose-Jackson Street,2020-03-07,0.005381818181818182,0.01818764397517645,
568,San Pablo-Rumrill Blvd,2020-03-07,0.006886956521739131,0.01818764397517645,
569,Oakland-West,2020-03-07,0.004882608695652174,0.01818764397517645,
570,Oakland-Laney College                   ,2020-03-07,0.010969565217391303,0.01818764397517645,
571,Sebastopol-103 Morris Street            ,2020-03-07,0.00468695652173913,0.01818764397517645,
572,San Jose-Knox Avenue                    ,2020-03-07,0.009682608695652174,0.01818764397517645,
573,Berkeley-Aquatic Park                   ,2020-03-07,0.016982608695652174,0.01818764397517645,
574,Napa-Valley College,2020-03-07,0.0022347826086956527,0.01818764397517645,
575,Pleasanton-Owens Ct                     ,2020-03-07,0.006365217391304348,0.01818764397517645,
576,Redwood City,2020-03-08,0.005869565217391305,0.01818764397517645,
577,San Francisco-Arkansas Street,2020-03-08,0.01068695652173913,0.01818764397517645,
578,Vallejo-304 Tuolumne Street,2020-03-08,0.012021739130434783,0.01818764397517645,
579,San Rafael,2020-03-08,0.010156521739130436,0.01818764397517645,
580,Concord-2956-A Treat Blvd,2020-03-08,0.007547826086956521,0.01818764397517645,
581,Oakland-9925 International Blvd,2020-03-08,0.009260869565217392,0.01818764397517645,
582,Livermore-793 Rincon Avenue,2020-03-08,0.007539130434782609,0.01818764397517645,
583,San Jose-Jackson Street,2020-03-08,0.005995454545454546,0.01818764397517645,
584,San Pablo-Rumrill Blvd,2020-03-08,0.008386363636363636,0.01818764397517645,
585,Oakland-West,2020-03-08,0.009495652173913046,0.01818764397517645,
586,Oakland-Laney College                   ,2020-03-08,0.013534782608695653,0.01818764397517645,
587,Sebastopol-103 Morris Street            ,2020-03-08,0.007378260869565218,0.01818764397517645,
588,San Jose-Knox Avenue                    ,2020-03-08,0.010847826086956525,0.01818764397517645,
589,Berkeley-Aquatic Park                   ,2020-03-08,0.0189304347826087,0.01818764397517645,
590,Napa-Valley College,2020-03-08,0.006791304347826087,0.01818764397517645,
591,Pleasanton-Owens Ct                     ,2020-03-08,0.01305217391304348,0.01818764397517645,
592,Redwood City,2020-03-09,0.017309523809523802,0.01818764397517645,
593,San Francisco-Arkansas Street,2020-03-09,0.021178260869565216,0.01818764397517645,
594,Vallejo-304 Tuolumne Street,2020-03-09,0.01920454545454545,0.01818764397517645,
595,San Rafael,2020-03-09,0.014443478260869568,0.01818764397517645,
596,Concord-2956-A Treat Blvd,2020-03-09,0.009356521739130435,0.01818764397517645,
597,Oakland-9925 International Blvd,2020-03-09,0.01017391304347826,0.01818764397517645,
598,Livermore-793 Rincon Avenue,2020-03-09,0.014208695652173918,0.01818764397517645,
599,San Jose-Jackson Street,2020-03-09,0.021772727272727273,0.01818764397517645,
600,San Pablo-Rumrill Blvd,2020-03-09,0.01268260869565217,0.01818764397517645,
601,Oakland-West,2020-03-09,0.020326086956521744,0.01818764397517645,
602,Oakland-Laney College                   ,2020-03-09,0.025569565217391302,0.01818764397517645,
603,Sebastopol-103 Morris Street            ,2020-03-09,0.007734782608695651,0.01818764397517645,
604,San Jose-Knox Avenue                    ,2020-03-09,0.0261,0.01818764397517645,
605,Berkeley-Aquatic Park                   ,2020-03-09,0.02896363636363637,0.01818764397517645,
606,Napa-Valley College,2020-03-09,0.006960869565217391,0.01818764397517645,
607,Pleasanton-Owens Ct                     ,2020-03-09,0.029304347826086964,0.01818764397517645,
608,Redwood City,2020-03-10,0.012209090909090909,0.01818764397517645,
609,San Francisco-Arkansas Street,2020-03-10,0.01627619047619048,0.01818764397517645,
610,Vallejo-304 Tuolumne Street,2020-03-10,0.02475217391304348,0.01818764397517645,
611,San Rafael,2020-03-10,0.017611764705882355,0.01818764397517645,
612,Concord-2956-A Treat Blvd,2020-03-10,0.006500000000000001,0.01818764397517645,
613,Oakland-9925 International Blvd,2020-03-10,0.010204347826086957,0.01818764397517645,
614,Livermore-793 Rincon Avenue,2020-03-10,0.011365217391304349,0.01818764397517645,
615,San Jose-Jackson Street,2020-03-10,0.017868181818181814,0.01818764397517645,
616,San Pablo-Rumrill Blvd,2020-03-10,0.015304347826086955,0.01818764397517645,
617,Oakland-West,2020-03-10,0.018469565217391303,0.01818764397517645,
618,Oakland-Laney College                   ,2020-03-10,0.03392608695652173,0.01818764397517645,
619,Sebastopol-103 Morris Street            ,2020-03-10,0.006530434782608695,0.01818764397517645,
620,San Jose-Knox Avenue                    ,2020-03-10,0.026581818181818182,0.01818764397517645,
621,Berkeley-Aquatic Park                   ,2020-03-10,0.039160869565217395,0.01818764397517645,
622,Napa-Valley College,2020-03-10,0.01481739130434782,0.01818764397517645,
623,Pleasanton-Owens Ct                     ,2020-03-10,0.028643478260869562,0.01818764397517645,
624,Redwood City,2020-03-11,0.012052173913043475,0.01818764397517645,
625,San Francisco-Arkansas Street,2020-03-11,0.0168695652173913,0.01818764397517645,
626,Vallejo-304 Tuolumne Street,2020-03-11,0.009095652173913043,0.01818764397517645,
627,San Rafael,2020-03-11,0.013991304347826085,0.01818764397517645,
628,Concord-2956-A Treat Blvd,2020-03-11,0.0075782608695652166,0.01818764397517645,
629,Oakland-9925 International Blvd,2020-03-11,0.015917391304347828,0.01818764397517645,
630,Livermore-793 Rincon Avenue,2020-03-11,0.008908695652173913,0.01818764397517645,
631,San Jose-Jackson Street,2020-03-11,0.01413181818181819,0.01818764397517645,
632,San Pablo-Rumrill Blvd,2020-03-11,0.010782608695652172,0.01818764397517645,
633,Oakland-West,2020-03-11,0.019873913043478256,0.01818764397517645,
634,Oakland-Laney College                   ,2020-03-11,0.0282304347826087,0.01818764397517645,
635,Sebastopol-103 Morris Street            ,2020-03-11,0.00791304347826087,0.01818764397517645,
636,San Jose-Knox Avenue                    ,2020-03-11,0.021230434782608696,0.01818764397517645,
637,Berkeley-Aquatic Park                   ,2020-03-11,0.030073913043478263,0.01818764397517645,
638,Napa-Valley College,2020-03-11,0.009473913043478261,0.01818764397517645,
639,Pleasanton-Owens Ct                     ,2020-03-11,0.023794999999999997,0.01818764397517645,
640,Redwood City,2020-03-12,0.014186956521739132,0.01818764397517645,
641,San Francisco-Arkansas Street,2020-03-12,0.021078260869565223,0.01818764397517645,
642,Vallejo-304 Tuolumne Street,2020-03-12,0.00766086956521739,0.01818764397517645,
643,San Rafael,2020-03-12,0.013117391304347826,0.01818764397517645,
644,Concord-2956-A Treat Blvd,2020-03-12,0.007365217391304346,0.01818764397517645,
645,Oakland-9925 International Blvd,2020-03-12,0.01803043478260869,0.01818764397517645,
646,Livermore-793 Rincon Avenue,2020-03-12,0.016995652173913037,0.01818764397517645,
647,San Jose-Jackson Street,2020-03-12,0.018754545454545458,0.01818764397517645,
648,San Pablo-Rumrill Blvd,2020-03-12,0.010904545454545455,0.01818764397517645,
649,Oakland-West,2020-03-12,0.021260869565217392,0.01818764397517645,
650,Oakland-Laney College                   ,2020-03-12,0.03319130434782608,0.01818764397517645,
651,Sebastopol-103 Morris Street            ,2020-03-12,0.0048434782608695656,0.01818764397517645,
652,San Jose-Knox Avenue                    ,2020-03-12,0.02753809523809524,0.01818764397517645,
653,Berkeley-Aquatic Park                   ,2020-03-12,0.029304347826086957,0.01818764397517645,
654,Napa-Valley College,2020-03-12,0.010095652173913046,0.01818764397517645,
655,Pleasanton-Owens Ct                     ,2020-03-12,0.027752173913043476,0.01818764397517645,
656,Redwood City,2020-03-13,0.007722727272727273,0.01818764397517645,
657,San Francisco-Arkansas Street,2020-03-13,0.007623809523809523,0.01818764397517645,
658,Vallejo-304 Tuolumne Street,2020-03-13,0.00338,0.01818764397517645,
659,San Rafael,2020-03-13,0.008690909090909088,0.01818764397517645,
660,Concord-2956-A Treat Blvd,2020-03-13,0.00377391304347826,0.01818764397517645,
661,Oakland-9925 International Blvd,2020-03-13,0.01021304347826087,0.01818764397517645,
662,Livermore-793 Rincon Avenue,2020-03-13,0.011391304347826085,0.01818764397517645,
663,San Jose-Jackson Street,2020-03-13,0.006481818181818181,0.01818764397517645,
664,San Pablo-Rumrill Blvd,2020-03-13,0.004582608695652173,0.01818764397517645,
665,Oakland-West,2020-03-13,0.008718181818181816,0.01818764397517645,
666,Oakland-Laney College                   ,2020-03-13,0.01733478260869565,0.01818764397517645,
667,Sebastopol-103 Morris Street            ,2020-03-13,0.004321739130434782,0.01818764397517645,
668,San Jose-Knox Avenue                    ,2020-03-13,0.012978260869565217,0.01818764397517645,
669,Berkeley-Aquatic Park                   ,2020-03-13,0.02114347826086957,0.01818764397517645,
670,Napa-Valley College,2020-03-13,0.0023521739130434784,0.01818764397517645,
671,Pleasanton-Owens Ct                     ,2020-03-13,0.013747826086956528,0.01818764397517645,
672,Redwood City,2020-03-14,0.0019347826086956522,0.01818764397517645,
673,San Francisco-Arkansas Street,2020-03-14,0.003426086956521739,0.01818764397517645,
674,Vallejo-304 Tuolumne Street,2020-03-14,0.0033826086956521735,0.01818764397517645,
675,San Rafael,2020-03-14,0.005299999999999999,0.01818764397517645,
676,Concord-2956-A Treat Blvd,2020-03-14,0.002169565217391304,0.01818764397517645,
677,Oakland-9925 International Blvd,2020-03-14,0.003908695652173913,0.01818764397517645,
678,Livermore-793 Rincon Avenue,2020-03-14,0.0013695652173913043,0.01818764397517645,
679,San Jose-Jackson Street,2020-03-14,0.004495454545454545,0.01818764397517645,
680,San Pablo-Rumrill Blvd,2020-03-14,0.004781818181818182,0.01818764397517645,
681,Oakland-West,2020-03-14,0.005195652173913044,0.01818764397517645,
682,Oakland-Laney College                   ,2020-03-14,0.007647826086956522,0.01818764397517645,
683,Sebastopol-103 Morris Street            ,2020-03-14,0.002447826086956521,0.01818764397517645,
684,San Jose-Knox Avenue                    ,2020-03-14,0.00872608695652174,0.01818764397517645,
685,Berkeley-Aquatic Park                   ,2020-03-14,0.014756521739130439,0.01818764397517645,
686,Napa-Valley College,2020-03-14,0.0011826086956521738,0.01818764397517645,
687,Pleasanton-Owens Ct                     ,2020-03-14,0.004343478260869566,0.01818764397517645,
688,Redwood City,2020-03-15,0.002665217391304348,0.01818764397517645,
689,San Francisco-Arkansas Street,2020-03-15,0.004078260869565218,0.01818764397517645,
690,Vallejo-304 Tuolumne Street,2020-03-15,0.0036826086956521743,0.01818764397517645,
691,San Rafael,2020-03-15,0.004173913043478261,0.01818764397517645,
692,Concord-2956-A Treat Blvd,2020-03-15,0.002360869565217392,0.01818764397517645,
693,Oakland-9925 International Blvd,2020-03-15,0.0042304347826086965,0.01818764397517645,
694,Livermore-793 Rincon Avenue,2020-03-15,0.0014217391304347825,0.01818764397517645,
695,San Jose-Jackson Street,2020-03-15,0.0051136363636363645,0.01818764397517645,
696,San Pablo-Rumrill Blvd,2020-03-15,0.004473913043478261,0.01818764397517645,
697,Oakland-West,2020-03-15,0.004856521739130435,0.01818764397517645,
698,Oakland-Laney College                   ,2020-03-15,0.005660869565217391,0.01818764397517645,
699,Sebastopol-103 Morris Street            ,2020-03-15,0.0033086956521739125,0.01818764397517645,
700,San Jose-Knox Avenue                    ,2020-03-15,0.006891304347826087,0.01818764397517645,
701,Berkeley-Aquatic Park                   ,2020-03-15,0.009813043478260869,0.01818764397517645,
702,Napa-Valley College,2020-03-15,0.0012304347826086956,0.01818764397517645,
703,Pleasanton-Owens Ct                     ,2020-03-15,0.00408695652173913,0.01818764397517645,
704,Redwood City,2020-03-16,0.006291304347826086,0.01818764397517645,
705,San Francisco-Arkansas Street,2020-03-16,0.012534782608695649,0.01818764397517645,
706,Vallejo-304 Tuolumne Street,2020-03-16,0.0037173913043478265,0.01818764397517645,
707,San Rafael,2020-03-16,0.006943478260869566,0.01818764397517645,
708,Concord-2956-A Treat Blvd,2020-03-16,0.003883333333333333,0.01818764397517645,
709,Oakland-9925 International Blvd,2020-03-16,0.005391304347826087,0.01818764397517645,
710,Livermore-793 Rincon Avenue,2020-03-16,0.0053652173913043485,0.01818764397517645,
711,San Jose-Jackson Street,2020-03-16,0.008825000000000001,0.01818764397517645,
712,San Pablo-Rumrill Blvd,2020-03-16,0.006335714285714286,0.01818764397517645,
713,Oakland-West,2020-03-16,0.006626086956521738,0.01818764397517645,
714,Oakland-Laney College                   ,2020-03-16,0.009882608695652176,0.01818764397517645,
715,Sebastopol-103 Morris Street            ,2020-03-16,0.0052722222222222215,0.01818764397517645,
716,San Jose-Knox Avenue                    ,2020-03-16,0.016073913043478265,0.01818764397517645,
717,Berkeley-Aquatic Park                   ,2020-03-16,0.01065,0.01818764397517645,
718,Napa-Valley College,2020-03-16,0.004844444444444445,0.01818764397517645,
719,Pleasanton-Owens Ct                     ,2020-03-16,0.01702608695652174,0.01818764397517645,
720,Redwood City,2020-03-17,0.009800000000000001,,0.009165236715593389
721,San Francisco-Arkansas Street,2020-03-17,0.009799999999999998,,0.009165236715593389
722,Vallejo-304 Tuolumne Street,2020-03-17,0.004065217391304348,,0.009165236715593389
723,San Rafael,2020-03-17,0.010008695652173908,,0.009165236715593389
724,Concord-2956-A Treat Blvd,2020-03-17,0.007543478260869565,,0.009165236715593389
725,Oakland-9925 International Blvd,2020-03-17,0.008043478260869565,,0.009165236715593389
726,Livermore-793 Rincon Avenue,2020-03-17,0.015865217391304354,,0.009165236715593389
727,San Jose-Jackson Street,2020-03-17,0.013294117647058823,,0.009165236715593389
728,San Pablo-Rumrill Blvd,2020-03-17,0.007226086956521737,,0.009165236715593389
729,Oakland-West,2020-03-17,0.009043478260869566,,0.009165236715593389
730,Oakland-Laney College                   ,2020-03-17,0.017134782608695654,,0.009165236715593389
731,Sebastopol-103 Morris Street            ,2020-03-17,0.006556521739130434,,0.009165236715593389
732,San Jose-Knox Avenue                    ,2020-03-17,0.01784347826086957,,0.009165236715593389
733,Berkeley-Aquatic Park                   ,2020-03-17,0.020852173913043476,,0.009165236715593389
734,Napa-Valley College,2020-03-17,0.00785217391304348,,0.009165236715593389
735,Pleasanton-Owens Ct                     ,2020-03-17,0.023704347826086953,,0.009165236715593389
736,Redwood City,2020-03-18,0.007752173913043478,,0.009165236715593389
737,San Francisco-Arkansas Street,2020-03-18,0.007313043478260869,,0.009165236715593389
738,Vallejo-304 Tuolumne Street,2020-03-18,0.007917391304347826,,0.009165236715593389
739,San Rafael,2020-03-18,0.009527777777777779,,0.009165236715593389
740,Concord-2956-A Treat Blvd,2020-03-18,0.006334782608695652,,0.009165236715593389
741,Oakland-9925 International Blvd,2020-03-18,0.007821739130434782,,0.009165236715593389
742,Livermore-793 Rincon Avenue,2020-03-18,0.01154347826086957,,0.009165236715593389
743,San Jose-Jackson Street,2020-03-18,0.010065000000000001,,0.009165236715593389
744,San Pablo-Rumrill Blvd,2020-03-18,0.007590476190476191,,0.009165236715593389
745,Oakland-West,2020-03-18,0.008930434782608696,,0.009165236715593389
746,Oakland-Laney College                   ,2020-03-18,0.018960869565217392,,0.009165236715593389
747,Sebastopol-103 Morris Street            ,2020-03-18,0.003678260869565217,,0.009165236715593389
748,San Jose-Knox Avenue                    ,2020-03-18,0.01647727272727273,,0.009165236715593389
749,Berkeley-Aquatic Park                   ,2020-03-18,0.014904347826086954,,0.009165236715593389
750,Napa-Valley College,2020-03-18,0.005795652173913042,,0.009165236715593389
751,Pleasanton-Owens Ct                     ,2020-03-18,0.017260869565217392,,0.009165236715593389
752,Redwood City,2020-03-19,0.006482608695652175,,0.009165236715593389
753,San Francisco-Arkansas Street,2020-03-19,0.011130434782608696,,0.009165236715593389
754,Vallejo-304 Tuolumne Street,2020-03-19,0.01634782608695652,,0.009165236715593389
755,San Rafael,2020-03-19,0.01173913043478261,,0.009165236715593389
756,Concord-2956-A Treat Blvd,2020-03-19,0.005891304347826087,,0.009165236715593389
757,Oakland-9925 International Blvd,2020-03-19,0.010095000000000002,,0.009165236715593389
758,Livermore-793 Rincon Avenue,2020-03-19,0.007269565217391305,,0.009165236715593389
759,San Jose-Jackson Street,2020-03-19,0.011899999999999999,,0.009165236715593389
760,San Pablo-Rumrill Blvd,2020-03-19,0.009609999999999999,,0.009165236715593389
761,Oakland-West,2020-03-19,0.013834782608695653,,0.009165236715593389
762,Oakland-Laney College                   ,2020-03-19,0.020486956521739128,,0.009165236715593389
763,Sebastopol-103 Morris Street            ,2020-03-19,0.0032217391304347827,,0.009165236715593389
764,San Jose-Knox Avenue                    ,2020-03-19,0.014682608695652175,,0.009165236715593389
765,Berkeley-Aquatic Park                   ,2020-03-19,0.02364545454545455,,0.009165236715593389
766,Napa-Valley College,2020-03-19,0.005830434782608696,,0.009165236715593389
767,Pleasanton-Owens Ct                     ,2020-03-19,0.023139130434782603,,0.009165236715593389
768,Redwood City,2020-03-20,0.009813636363636363,,0.009165236715593389
769,San Francisco-Arkansas Street,2020-03-20,0.012977272727272731,,0.009165236715593389
770,Vallejo-304 Tuolumne Street,2020-03-20,0.020372727272727275,,0.009165236715593389
771,San Rafael,2020-03-20,0.011495454545454547,,0.009165236715593389
772,Concord-2956-A Treat Blvd,2020-03-20,0.008534782608695652,,0.009165236715593389
773,Oakland-9925 International Blvd,2020-03-20,0.013060869565217391,,0.009165236715593389
774,Livermore-793 Rincon Avenue,2020-03-20,0.015143478260869562,,0.009165236715593389
775,San Jose-Jackson Street,2020-03-20,0.010377272727272728,,0.009165236715593389
776,San Pablo-Rumrill Blvd,2020-03-20,0.010882608695652173,,0.009165236715593389
777,Oakland-West,2020-03-20,0.016031818181818185,,0.009165236715593389
778,Oakland-Laney College                   ,2020-03-20,0.021688888888888886,,0.009165236715593389
779,Sebastopol-103 Morris Street            ,2020-03-20,0.006621739130434783,,0.009165236715593389
780,San Jose-Knox Avenue                    ,2020-03-20,0.016530434782608693,,0.009165236715593389
781,Berkeley-Aquatic Park                   ,2020-03-20,0.02861739130434782,,0.009165236715593389
782,Napa-Valley College,2020-03-20,0.009260869565217392,,0.009165236715593389
783,Pleasanton-Owens Ct                     ,2020-03-20,0.031243478260869557,,0.009165236715593389
784,Redwood City,2020-03-21,0.006921739130434782,,0.009165236715593389
785,San Francisco-Arkansas Street,2020-03-21,0.013,,0.009165236715593389
786,Vallejo-304 Tuolumne Street,2020-03-21,0.017152173913043477,,0.009165236715593389
787,San Rafael,2020-03-21,0.010799999999999999,,0.009165236715593389
788,Concord-2956-A Treat Blvd,2020-03-21,0.007513043478260869,,0.009165236715593389
789,Oakland-9925 International Blvd,2020-03-21,0.00983478260869565,,0.009165236715593389
790,Livermore-793 Rincon Avenue,2020-03-21,0.012852173913043483,,0.009165236715593389
791,San Jose-Jackson Street,2020-03-21,0.009386363636363634,,0.009165236715593389
792,San Pablo-Rumrill Blvd,2020-03-21,0.010852173913043477,,0.009165236715593389
793,Oakland-West,2020-03-21,0.014060869565217392,,0.009165236715593389
794,Oakland-Laney College                   ,2020-03-21,0.01379565217391304,,0.009165236715593389
795,Sebastopol-103 Morris Street            ,2020-03-21,0.00478695652173913,,0.009165236715593389
796,San Jose-Knox Avenue                    ,2020-03-21,0.011,,0.009165236715593389
797,Berkeley-Aquatic Park                   ,2020-03-21,0.02124782608695652,,0.009165236715593389
798,Napa-Valley College,2020-03-21,0.006678260869565217,,0.009165236715593389
799,Pleasanton-Owens Ct                     ,2020-03-21,0.01557826086956522,,0.009165236715593389
800,Redwood City,2020-03-22,0.006226086956521737,,0.009165236715593389
801,San Francisco-Arkansas Street,2020-03-22,0.01175217391304348,,0.009165236715593389
802,Vallejo-304 Tuolumne Street,2020-03-22,0.010739130434782609,,0.009165236715593389
803,San Rafael,2020-03-22,0.006965217391304348,,0.009165236715593389
804,Concord-2956-A Treat Blvd,2020-03-22,0.006826086956521738,,0.009165236715593389
805,Oakland-9925 International Blvd,2020-03-22,0.011026086956521741,,0.009165236715593389
806,Livermore-793 Rincon Avenue,2020-03-22,0.007730434782608697,,0.009165236715593389
807,San Jose-Jackson Street,2020-03-22,0.011486363636363635,,0.009165236715593389
808,San Pablo-Rumrill Blvd,2020-03-22,0.006590909090909092,,0.009165236715593389
809,Oakland-West,2020-03-22,0.015400000000000002,,0.009165236715593389
810,Oakland-Laney College                   ,2020-03-22,0.015339130434782609,,0.009165236715593389
811,Sebastopol-103 Morris Street            ,2020-03-22,0.004491304347826087,,0.009165236715593389
812,San Jose-Knox Avenue                    ,2020-03-22,0.011265217391304348,,0.009165236715593389
813,Berkeley-Aquatic Park                   ,2020-03-22,0.016508695652173912,,0.009165236715593389
814,Napa-Valley College,2020-03-22,0.004295652173913043,,0.009165236715593389
815,Pleasanton-Owens Ct                     ,2020-03-22,0.011808695652173911,,0.009165236715593389
816,Redwood City,2020-03-23,0.005052173913043479,,0.009165236715593389
817,San Francisco-Arkansas Street,2020-03-23,0.004626086956521739,,0.009165236715593389
818,Vallejo-304 Tuolumne Street,2020-03-23,0.003508695652173912,,0.009165236715593389
819,San Rafael,2020-03-23,0.006899999999999998,,0.009165236715593389
820,Concord-2956-A Treat Blvd,2020-03-23,0.003231818181818183,,0.009165236715593389
821,Oakland-9925 International Blvd,2020-03-23,0.005708695652173913,,0.009165236715593389
822,Livermore-793 Rincon Avenue,2020-03-23,0.00578695652173913,,0.009165236715593389
823,San Jose-Jackson Street,2020-03-23,0.009595454545454544,,0.009165236715593389
824,San Pablo-Rumrill Blvd,2020-03-23,0.006439130434782608,,0.009165236715593389
825,Oakland-West,2020-03-23,0.007268181818181816,,0.009165236715593389
826,Oakland-Laney College                   ,2020-03-23,0.015104347826086956,,0.009165236715593389
827,Sebastopol-103 Morris Street            ,2020-03-23,0.005165217391304349,,0.009165236715593389
828,San Jose-Knox Avenue                    ,2020-03-23,0.01553333333333333,,0.009165236715593389
829,Berkeley-Aquatic Park                   ,2020-03-23,0.016691304347826088,,0.009165236715593389
830,Napa-Valley College,2020-03-23,0.005395652173913044,,0.009165236715593389
831,Pleasanton-Owens Ct                     ,2020-03-23,0.01322608695652174,,0.009165236715593389
832,Redwood City,2020-03-24,0.004747826086956523,,0.009165236715593389
833,San Francisco-Arkansas Street,2020-03-24,0.004565217391304347,,0.009165236715593389
834,Vallejo-304 Tuolumne Street,2020-03-24,0.006978260869565218,,0.009165236715593389
835,San Rafael,2020-03-24,0.008069565217391302,,0.009165236715593389
836,Concord-2956-A Treat Blvd,2020-03-24,0.00391304347826087,,0.009165236715593389
837,Oakland-9925 International Blvd,2020-03-24,0.007317391304347826,,0.009165236715593389
838,Livermore-793 Rincon Avenue,2020-03-24,0.002969565217391304,,0.009165236715593389
839,San Jose-Jackson Street,2020-03-24,0.005804545454545454,,0.009165236715593389
840,San Pablo-Rumrill Blvd,2020-03-24,0.006634782608695654,,0.009165236715593389
841,Oakland-West,2020-03-24,0.005960869565217392,,0.009165236715593389
842,Oakland-Laney College                   ,2020-03-24,0.016456521739130432,,0.009165236715593389
843,Sebastopol-103 Morris Street            ,2020-03-24,0.003652173913043478,,0.009165236715593389
844,San Jose-Knox Avenue                    ,2020-03-24,0.010100000000000001,,0.009165236715593389
845,Berkeley-Aquatic Park                   ,2020-03-24,0.014747826086956524,,0.009165236715593389
846,Napa-Valley College,2020-03-24,0.004478260869565218,,0.009165236715593389
847,Pleasanton-Owens Ct                     ,2020-03-24,0.009247826086956523,,0.009165236715593389
848,Redwood City,2020-03-25,0.007095652173913043,,0.009165236715593389
849,San Francisco-Arkansas Street,2020-03-25,0.008543478260869564,,0.009165236715593389
850,Vallejo-304 Tuolumne Street,2020-03-25,0.012691304347826086,,0.009165236715593389
851,San Rafael,2020-03-25,0.00795217391304348,,0.009165236715593389
852,Concord-2956-A Treat Blvd,2020-03-25,0.004304347826086956,,0.009165236715593389
853,Oakland-9925 International Blvd,2020-03-25,0.008913043478260869,,0.009165236715593389
854,Livermore-793 Rincon Avenue,2020-03-25,0.005839130434782609,,0.009165236715593389
855,San Jose-Jackson Street,2020-03-25,0.007877272727272726,,0.009165236715593389
856,San Pablo-Rumrill Blvd,2020-03-25,0.008904347826086957,,0.009165236715593389
857,Oakland-West,2020-03-25,0.010743478260869566,,0.009165236715593389
858,Oakland-Laney College                   ,2020-03-25,0.018217391304347824,,0.009165236715593389
859,Sebastopol-103 Morris Street            ,2020-03-25,0.007830434782608696,,0.009165236715593389
860,San Jose-Knox Avenue                    ,2020-03-25,0.014704761904761903,,0.009165236715593389
861,Berkeley-Aquatic Park                   ,2020-03-25,0.02153043478260869,,0.009165236715593389
862,Napa-Valley College,2020-03-25,0.009134782608695652,,0.009165236715593389
863,Pleasanton-Owens Ct                     ,2020-03-25,0.016617391304347823,,0.009165236715593389
864,Redwood City,2020-03-26,0.00769047619047619,,0.009165236715593389
865,San Francisco-Arkansas Street,2020-03-26,0.009217391304347827,,0.009165236715593389
866,Vallejo-304 Tuolumne Street,2020-03-26,0.010369565217391304,,0.009165236715593389
867,San Rafael,2020-03-26,0.009791304347826085,,0.009165236715593389
868,Concord-2956-A Treat Blvd,2020-03-26,0.005104347826086955,,0.009165236715593389
869,Oakland-9925 International Blvd,2020-03-26,0.010765217391304349,,0.009165236715593389
870,Livermore-793 Rincon Avenue,2020-03-26,0.008821739130434787,,0.009165236715593389
871,San Jose-Jackson Street,2020-03-26,0.00906818181818182,,0.009165236715593389
872,San Pablo-Rumrill Blvd,2020-03-26,0.007263636363636364,,0.009165236715593389
873,Oakland-West,2020-03-26,0.012369565217391304,,0.009165236715593389
874,Oakland-Laney College                   ,2020-03-26,0.017004761904761904,,0.009165236715593389
875,Sebastopol-103 Morris Street            ,2020-03-26,0.009000000000000001,,0.009165236715593389
876,San Jose-Knox Avenue                    ,2020-03-26,0.014356521739130435,,0.009165236715593389
877,Berkeley-Aquatic Park                   ,2020-03-26,0.021300000000000003,,0.009165236715593389
878,Napa-Valley College,2020-03-26,0.009431818181818182,,0.009165236715593389
879,Pleasanton-Owens Ct                     ,2020-03-26,0.025069565217391315,,0.009165236715593389
880,Redwood City,2020-03-27,0.0054090909090909085,,0.009165236715593389
881,San Francisco-Arkansas Street,2020-03-27,0.0046363636363636355,,0.009165236715593389
882,Vallejo-304 Tuolumne Street,2020-03-27,0.0022954545454545454,,0.009165236715593389
883,San Rafael,2020-03-27,0.006063636363636365,,0.009165236715593389
884,Concord-2956-A Treat Blvd,2020-03-27,0.004334782608695652,,0.009165236715593389
885,Oakland-9925 International Blvd,2020-03-27,0.008373913043478261,,0.009165236715593389
886,Livermore-793 Rincon Avenue,2020-03-27,0.0036782608695652176,,0.009165236715593389
887,San Jose-Jackson Street,2020-03-27,0.01125,,0.009165236715593389
888,San Pablo-Rumrill Blvd,2020-03-27,0.007836842105263158,,0.009165236715593389
889,Oakland-West,2020-03-27,0.009222727272727271,,0.009165236715593389
890,Oakland-Laney College                   ,2020-03-27,0.017443478260869564,,0.009165236715593389
891,Sebastopol-103 Morris Street            ,2020-03-27,0.00856521739130435,,0.009165236715593389
892,San Jose-Knox Avenue                    ,2020-03-27,0.01804782608695652,,0.009165236715593389
893,Berkeley-Aquatic Park                   ,2020-03-27,0.018108695652173913,,0.009165236715593389
894,Napa-Valley College,2020-03-27,0.011847826086956522,,0.009165236715593389
895,Pleasanton-Owens Ct                     ,2020-03-27,0.015343478260869568,,0.009165236715593389
896,Redwood City,2020-03-28,0.004626086956521739,,0.009165236715593389
897,San Francisco-Arkansas Street,2020-03-28,0.005217391304347827,,0.009165236715593389
898,Vallejo-304 Tuolumne Street,2020-03-28,0.0054434782608695645,,0.009165236715593389
899,San Rafael,2020-03-28,0.005952173913043479,,0.009165236715593389
900,Concord-2956-A Treat Blvd,2020-03-28,0.0031260869565217387,,0.009165236715593389
901,Oakland-9925 International Blvd,2020-03-28,0.006756521739130434,,0.009165236715593389
902,Livermore-793 Rincon Avenue,2020-03-28,0.004065217391304348,,0.009165236715593389
903,San Jose-Jackson Street,2020-03-28,0.006704545454545454,,0.009165236715593389
904,San Pablo-Rumrill Blvd,2020-03-28,0.00704090909090909,,0.009165236715593389
905,Oakland-West,2020-03-28,0.005108695652173913,,0.009165236715593389
906,Oakland-Laney College                   ,2020-03-28,0.007660869565217391,,0.009165236715593389
907,Sebastopol-103 Morris Street            ,2020-03-28,0.0024565217391304345,,0.009165236715593389
908,San Jose-Knox Avenue                    ,2020-03-28,0.008734782608695651,,0.009165236715593389
909,Berkeley-Aquatic Park                   ,2020-03-28,0.010456521739130436,,0.009165236715593389
910,Napa-Valley College,2020-03-28,0.003182608695652174,,0.009165236715593389
911,Pleasanton-Owens Ct                     ,2020-03-28,0.007791304347826085,,0.009165236715593389
912,Redwood City,2020-03-29,0.003486956521739131,,0.009165236715593389
913,San Francisco-Arkansas Street,2020-03-29,0.00452608695652174,,0.009165236715593389
914,Vallejo-304 Tuolumne Street,2020-03-29,0.003982608695652174,,0.009165236715593389
915,San Rafael,2020-03-29,0.0044695652173913055,,0.009165236715593389
916,Concord-2956-A Treat Blvd,2020-03-29,0.0035086956521739126,,0.009165236715593389
917,Oakland-9925 International Blvd,2020-03-29,0.004626086956521739,,0.009165236715593389
918,Livermore-793 Rincon Avenue,2020-03-29,0.003130434782608695,,0.009165236715593389
919,San Jose-Jackson Street,2020-03-29,0.0025499999999999997,,0.009165236715593389
920,San Pablo-Rumrill Blvd,2020-03-29,0.004617391304347826,,0.009165236715593389
921,Oakland-West,2020-03-29,0.004243478260869565,,0.009165236715593389
922,Oakland-Laney College                   ,2020-03-29,0.008117391304347828,,0.009165236715593389
923,Sebastopol-103 Morris Street            ,2020-03-29,0.0030043478260869567,,0.009165236715593389
924,San Jose-Knox Avenue                    ,2020-03-29,0.005530434782608696,,0.009165236715593389
925,Berkeley-Aquatic Park                   ,2020-03-29,0.007569565217391303,,0.009165236715593389
926,Napa-Valley College,2020-03-29,0.0036499999999999996,,0.009165236715593389
927,Pleasanton-Owens Ct                     ,2020-03-29,0.007991304347826087,,0.009165236715593389
928,Redwood City,2020-03-30,0.0068173913043478255,,0.009165236715593389
929,San Francisco-Arkansas Street,2020-03-30,0.006221739130434781,,0.009165236715593389
930,Vallejo-304 Tuolumne Street,2020-03-30,0.0020739130434782606,,0.009165236715593389
931,San Rafael,2020-03-30,0.007373913043478259,,0.009165236715593389
932,Concord-2956-A Treat Blvd,2020-03-30,0.003765217391304348,,0.009165236715593389
933,Oakland-9925 International Blvd,2020-03-30,0.006643478260869568,,0.009165236715593389
934,Livermore-793 Rincon Avenue,2020-03-30,0.002882608695652174,,0.009165236715593389
935,San Jose-Jackson Street,2020-03-30,0.004522727272727273,,0.009165236715593389
936,San Pablo-Rumrill Blvd,2020-03-30,0.006677272727272727,,0.009165236715593389
937,Oakland-West,2020-03-30,0.006047826086956523,,0.009165236715593389
938,Oakland-Laney College                   ,2020-03-30,0.018669565217391305,,0.009165236715593389
939,Sebastopol-103 Morris Street            ,2020-03-30,0.004482608695652175,,0.009165236715593389
940,San Jose-Knox Avenue                    ,2020-03-30,0.011456521739130435,,0.009165236715593389
941,Berkeley-Aquatic Park                   ,2020-03-30,0.019795652173913044,,0.009165236715593389
942,Napa-Valley College,2020-03-30,0.0018142857142857142,,0.009165236715593389
943,Pleasanton-Owens Ct                     ,2020-03-30,0.015608695652173913,,0.009165236715593389
944,Redwood City,2020-03-31,0.005204347826086956,,0.009165236715593389
945,San Francisco-Arkansas Street,2020-03-31,0.004882608695652174,,0.009165236715593389
946,Vallejo-304 Tuolumne Street,2020-03-31,0.002408695652173913,,0.009165236715593389
947,San Rafael,2020-03-31,0.007473913043478262,,0.009165236715593389
948,Concord-2956-A Treat Blvd,2020-03-31,0.003317391304347826,,0.009165236715593389
949,Oakland-9925 International Blvd,2020-03-31,0.008178260869565216,,0.009165236715593389
950,Livermore-793 Rincon Avenue,2020-03-31,0.006960869565217391,,0.009165236715593389
951,San Jose-Jackson Street,2020-03-31,0.006240909090909092,,0.009165236715593389
952,San Pablo-Rumrill Blvd,2020-03-31,0.0097,,0.009165236715593389
953,Oakland-West,2020-03-31,0.008008695652173914,,0.009165236715593389
954,Oakland-Laney College                   ,2020-03-31,0.017013043478260867,,0.009165236715593389
955,Sebastopol-103 Morris Street            ,2020-03-31,0.0038869565217391306,,0.009165236715593389
956,San Jose-Knox Avenue                    ,2020-03-31,0.007869565217391303,,0.009165236715593389
957,Berkeley-Aquatic Park                   ,2020-03-31,0.01890434782608696,,0.009165236715593389
958,Napa-Valley College,2020-03-31,0.003052173913043479,,0.009165236715593389
959,Pleasanton-Owens Ct                     ,2020-03-31,0.013647826086956522,,0.009165236715593389
960,Redwood City,2020-04-01,0.0016,,0.009165236715593389
961,San Francisco-Arkansas Street,2020-04-01,0.0021,,0.009165236715593389
962,Vallejo-304 Tuolumne Street,2020-04-01,0.0009,,0.009165236715593389
963,San Rafael,2020-04-01,0.0011,,0.009165236715593389
964,Concord-2956-A Treat Blvd,2020-04-01,0.0022,,0.009165236715593389
965,Oakland-9925 International Blvd,2020-04-01,0.0107,,0.009165236715593389
966,Livermore-793 Rincon Avenue,2020-04-01,0.0005,,0.009165236715593389
967,San Jose-Jackson Street,2020-04-01,0.0033,,0.009165236715593389
968,San Pablo-Rumrill Blvd,2020-04-01,0.0013,,0.009165236715593389
969,Oakland-West,2020-04-01,0.0013,,0.009165236715593389
970,Oakland-Laney College                   ,2020-04-01,0.0048,,0.009165236715593389
971,Sebastopol-103 Morris Street            ,2020-04-01,0.001,,0.009165236715593389
972,San Jose-Knox Avenue                    ,2020-04-01,0.0008,,0.009165236715593389
973,Berkeley-Aquatic Park                   ,2020-04-01,0.0053,,0.009165236715593389
974,Napa-Valley College,2020-04-01,0.0029,,0.009165236715593389
975,Pleasanton-Owens Ct                     ,2020-04-01,0.0052,,0.009165236715593389
976,Redwood City,2020-04-02,0.01036086956521739,,0.009165236715593389
977,San Francisco-Arkansas Street,2020-04-02,0.011486956521739132,,0.009165236715593389
978,Vallejo-304 Tuolumne Street,2020-04-02,0.013013043478260865,,0.009165236715593389
979,San Rafael,2020-04-02,0.008278260869565218,,0.009165236715593389
980,Concord-2956-A Treat Blvd,2020-04-02,0.005665217391304348,,0.009165236715593389
981,Oakland-9925 International Blvd,2020-04-02,0.010434782608695651,,0.009165236715593389
982,Livermore-793 Rincon Avenue,2020-04-02,0.007386956521739131,,0.009165236715593389
983,San Jose-Jackson Street,2020-04-02,0.01337272727272727,,0.009165236715593389
984,San Pablo-Rumrill Blvd,2020-04-02,0.00397391304347826,,0.009165236715593389
985,Oakland-West,2020-04-02,0.0085,,0.009165236715593389
986,Oakland-Laney College                   ,2020-04-02,0.01414782608695652,,0.009165236715593389
987,Sebastopol-103 Morris Street            ,2020-04-02,0.0054863636363636364,,0.009165236715593389
988,San Jose-Knox Avenue                    ,2020-04-02,0.016039130434782608,,0.009165236715593389
989,Berkeley-Aquatic Park                   ,2020-04-02,0.019930434782608697,,0.009165236715593389
990,Napa-Valley College,2020-04-02,0.004013043478260868,,0.009165236715593389
991,Pleasanton-Owens Ct                     ,2020-04-02,0.021143478260869562,,0.009165236715593389
992,Redwood City,2020-04-03,0.007904545454545454,,0.009165236715593389
993,San Francisco-Arkansas Street,2020-04-03,0.007427272727272727,,0.009165236715593389
994,Vallejo-304 Tuolumne Street,2020-04-03,0.0041909090909090915,,0.009165236715593389
995,San Rafael,2020-04-03,0.004545454545454545,,0.009165236715593389
996,Concord-2956-A Treat Blvd,2020-04-03,0.004995652173913043,,0.009165236715593389
997,Oakland-9925 International Blvd,2020-04-03,0.00883913043478261,,0.009165236715593389
998,Livermore-793 Rincon Avenue,2020-04-03,0.006178260869565219,,0.009165236715593389
999,San Jose-Jackson Street,2020-04-03,0.009127272727272727,,0.009165236715593389
1000,San Pablo-Rumrill Blvd,2020-04-03,0.006900000000000001,,0.009165236715593389
1001,Oakland-West,2020-04-03,0.012550000000000004,,0.009165236715593389
1002,Oakland-Laney College                   ,2020-04-03,0.01857826086956522,,0.009165236715593389
1003,Sebastopol-103 Morris Street            ,2020-04-03,0.0060217391304347835,,0.009165236715593389
1004,San Jose-Knox Avenue                    ,2020-04-03,0.013986956521739133,,0.009165236715593389
1005,Berkeley-Aquatic Park                   ,2020-04-03,0.021566666666666668,,0.009165236715593389
1006,Napa-Valley College,2020-04-03,0.0051095238095238095,,0.009165236715593389
1007,Pleasanton-Owens Ct                     ,2020-04-03,0.018147826086956528,,0.009165236715593389
1008,Redwood City,2020-04-04,0.007749999999999999,,0.009165236715593389
1009,San Francisco-Arkansas Street,2020-04-04,0.0036499999999999996,,0.009165236715593389
1010,Vallejo-304 Tuolumne Street,2020-04-04,0.003025,,0.009165236715593389
1011,San Rafael,2020-04-04,0.00365,,0.009165236715593389
1012,Concord-2956-A Treat Blvd,2020-04-04,0.00335,,0.009165236715593389
1013,Oakland-9925 International Blvd,2020-04-04,0.005025,,0.009165236715593389
1014,Livermore-793 Rincon Avenue,2020-04-04,0.000975,,0.009165236715593389
1015,San Jose-Jackson Street,2020-04-04,0.0153,,0.009165236715593389
1016,San Pablo-Rumrill Blvd,2020-04-04,0.0037,,0.009165236715593389
1017,Oakland-West,2020-04-04,0.0071625000000000005,,0.009165236715593389
1018,Oakland-Laney College                   ,2020-04-04,0.0096875,,0.009165236715593389
1019,Sebastopol-103 Morris Street            ,2020-04-04,0.0064125,,0.009165236715593389
1020,San Jose-Knox Avenue                    ,2020-04-04,0.0141875,,0.009165236715593389
1021,Berkeley-Aquatic Park                   ,2020-04-04,0.0114375,,0.009165236715593389
1022,Napa-Valley College,2020-04-04,0.006787500000000001,,0.009165236715593389
1023,Pleasanton-Owens Ct                     ,2020-04-04,0.0016625,,0.009165236715593389
