,name,date,OZONE,Pre-Shelter in place mean,Post-Shelter in place mean
0,Redwood City,2020-02-01,0.01112173913043478,0.024866479214430328,
1,Gilroy-9th Street,2020-02-01,0.013895652173913042,0.024866479214430328,
2,San Francisco-Arkansas Street,2020-02-01,0.01822608695652174,0.024866479214430328,
3,Vallejo-304 Tuolumne Street,2020-02-01,0.015517391304347823,0.024866479214430328,
4,San Rafael,2020-02-01,0.0158,0.024866479214430328,
5,Concord-2956-A Treat Blvd,2020-02-01,0.012717391304347824,0.024866479214430328,
6,Oakland-9925 International Blvd,2020-02-01,0.008417391304347826,0.024866479214430328,
7,Livermore-793 Rincon Avenue,2020-02-01,0.015273913043478261,0.024866479214430328,
8,San Jose-Jackson Street,2020-02-01,0.01425,0.024866479214430328,
9,San Pablo-Rumrill Blvd,2020-02-01,0.015008695652173913,0.024866479214430328,
10,Oakland-West,2020-02-01,0.010995652173913042,0.024866479214430328,
11,Sebastopol-103 Morris Street            ,2020-02-01,0.010152173913043478,0.024866479214430328,
12,Berkeley-Aquatic Park                   ,2020-02-01,0.00857391304347826,0.024866479214430328,
13,Napa-Valley College,2020-02-01,0.015782608695652175,0.024866479214430328,
14,Redwood City,2020-02-02,0.030047826086956515,0.024866479214430328,
15,Gilroy-9th Street,2020-02-02,0.027878260869565217,0.024866479214430328,
16,San Francisco-Arkansas Street,2020-02-02,0.03267826086956521,0.024866479214430328,
17,Vallejo-304 Tuolumne Street,2020-02-02,0.030865217391304347,0.024866479214430328,
18,San Rafael,2020-02-02,0.03354782608695653,0.024866479214430328,
19,Concord-2956-A Treat Blvd,2020-02-02,0.028734782608695653,0.024866479214430328,
20,Oakland-9925 International Blvd,2020-02-02,0.025643478260869566,0.024866479214430328,
21,Livermore-793 Rincon Avenue,2020-02-02,0.027408695652173912,0.024866479214430328,
22,San Jose-Jackson Street,2020-02-02,0.032236363636363626,0.024866479214430328,
23,San Pablo-Rumrill Blvd,2020-02-02,0.03146521739130435,0.024866479214430328,
24,Oakland-West,2020-02-02,0.028152173913043477,0.024866479214430328,
25,Sebastopol-103 Morris Street            ,2020-02-02,0.028665217391304353,0.024866479214430328,
26,Berkeley-Aquatic Park                   ,2020-02-02,0.026252173913043474,0.024866479214430328,
27,Napa-Valley College,2020-02-02,0.02256956521739131,0.024866479214430328,
28,Redwood City,2020-02-03,0.026147826086956524,0.024866479214430328,
29,Gilroy-9th Street,2020-02-03,0.031878260869565224,0.024866479214430328,
30,San Francisco-Arkansas Street,2020-02-03,0.034782608695652174,0.024866479214430328,
31,Vallejo-304 Tuolumne Street,2020-02-03,0.02502608695652174,0.024866479214430328,
32,San Rafael,2020-02-03,0.03098260869565218,0.024866479214430328,
33,Concord-2956-A Treat Blvd,2020-02-03,0.022413043478260872,0.024866479214430328,
34,Oakland-9925 International Blvd,2020-02-03,0.02492608695652174,0.024866479214430328,
35,Livermore-793 Rincon Avenue,2020-02-03,0.02609130434782609,0.024866479214430328,
36,San Jose-Jackson Street,2020-02-03,0.018994736842105262,0.024866479214430328,
37,San Pablo-Rumrill Blvd,2020-02-03,0.036304347826086956,0.024866479214430328,
38,Oakland-West,2020-02-03,0.03108260869565218,0.024866479214430328,
39,Sebastopol-103 Morris Street            ,2020-02-03,0.026782608695652174,0.024866479214430328,
40,Berkeley-Aquatic Park                   ,2020-02-03,0.02636666666666667,0.024866479214430328,
41,Napa-Valley College,2020-02-03,0.027769565217391306,0.024866479214430328,
42,Redwood City,2020-02-04,0.02539565217391304,0.024866479214430328,
43,Gilroy-9th Street,2020-02-04,0.018926086956521742,0.024866479214430328,
44,San Francisco-Arkansas Street,2020-02-04,0.02808695652173914,0.024866479214430328,
45,Vallejo-304 Tuolumne Street,2020-02-04,0.026878260869565213,0.024866479214430328,
46,San Rafael,2020-02-04,0.024747826086956522,0.024866479214430328,
47,Concord-2956-A Treat Blvd,2020-02-04,0.02079565217391304,0.024866479214430328,
48,Oakland-9925 International Blvd,2020-02-04,0.021795652173913046,0.024866479214430328,
49,Livermore-793 Rincon Avenue,2020-02-04,0.028591304347826096,0.024866479214430328,
50,San Jose-Jackson Street,2020-02-04,0.020573684210526317,0.024866479214430328,
51,San Pablo-Rumrill Blvd,2020-02-04,0.028830434782608702,0.024866479214430328,
52,Oakland-West,2020-02-04,0.023960869565217393,0.024866479214430328,
53,Sebastopol-103 Morris Street            ,2020-02-04,0.024063636363636363,0.024866479214430328,
54,Berkeley-Aquatic Park                   ,2020-02-04,0.02092608695652174,0.024866479214430328,
55,Napa-Valley College,2020-02-04,0.029038095238095238,0.024866479214430328,
56,Redwood City,2020-02-05,0.010591304347826087,0.024866479214430328,
57,Gilroy-9th Street,2020-02-05,0.015399999999999999,0.024866479214430328,
58,San Francisco-Arkansas Street,2020-02-05,0.016691304347826088,0.024866479214430328,
59,Vallejo-304 Tuolumne Street,2020-02-05,0.010943478260869567,0.024866479214430328,
60,San Rafael,2020-02-05,0.011347826086956522,0.024866479214430328,
61,Concord-2956-A Treat Blvd,2020-02-05,0.014313043478260871,0.024866479214430328,
62,Oakland-9925 International Blvd,2020-02-05,0.010808695652173916,0.024866479214430328,
63,Livermore-793 Rincon Avenue,2020-02-05,0.012282608695652173,0.024866479214430328,
64,San Jose-Jackson Street,2020-02-05,0.013049999999999999,0.024866479214430328,
65,San Pablo-Rumrill Blvd,2020-02-05,0.015200000000000002,0.024866479214430328,
66,Oakland-West,2020-02-05,0.008604347826086956,0.024866479214430328,
67,Sebastopol-103 Morris Street            ,2020-02-05,0.01255217391304348,0.024866479214430328,
68,Berkeley-Aquatic Park                   ,2020-02-05,0.006871428571428571,0.024866479214430328,
69,Napa-Valley College,2020-02-05,0.016078260869565212,0.024866479214430328,
70,Redwood City,2020-02-06,0.010817391304347826,0.024866479214430328,
71,Gilroy-9th Street,2020-02-06,0.013113043478260866,0.024866479214430328,
72,San Francisco-Arkansas Street,2020-02-06,0.01667391304347826,0.024866479214430328,
73,Vallejo-304 Tuolumne Street,2020-02-06,0.013100000000000002,0.024866479214430328,
74,San Rafael,2020-02-06,0.013482608695652173,0.024866479214430328,
75,Concord-2956-A Treat Blvd,2020-02-06,0.013691304347826085,0.024866479214430328,
76,Oakland-9925 International Blvd,2020-02-06,0.007765217391304348,0.024866479214430328,
77,Livermore-793 Rincon Avenue,2020-02-06,0.013973913043478262,0.024866479214430328,
78,San Jose-Jackson Street,2020-02-06,0.009344444444444447,0.024866479214430328,
79,San Pablo-Rumrill Blvd,2020-02-06,0.015352173913043476,0.024866479214430328,
80,Oakland-West,2020-02-06,0.011295238095238096,0.024866479214430328,
81,Sebastopol-103 Morris Street            ,2020-02-06,0.011960869565217394,0.024866479214430328,
82,Berkeley-Aquatic Park                   ,2020-02-06,0.008965217391304348,0.024866479214430328,
83,Napa-Valley College,2020-02-06,0.016021739130434785,0.024866479214430328,
84,Redwood City,2020-02-07,0.00999090909090909,0.024866479214430328,
85,Gilroy-9th Street,2020-02-07,0.016978260869565217,0.024866479214430328,
86,San Francisco-Arkansas Street,2020-02-07,0.02074090909090909,0.024866479214430328,
87,Vallejo-304 Tuolumne Street,2020-02-07,0.01975,0.024866479214430328,
88,San Rafael,2020-02-07,0.016968181818181813,0.024866479214430328,
89,Concord-2956-A Treat Blvd,2020-02-07,0.014839130434782608,0.024866479214430328,
90,Oakland-9925 International Blvd,2020-02-07,0.010326086956521738,0.024866479214430328,
91,Livermore-793 Rincon Avenue,2020-02-07,0.01682173913043478,0.024866479214430328,
92,San Jose-Jackson Street,2020-02-07,0.015413636363636362,0.024866479214430328,
93,San Pablo-Rumrill Blvd,2020-02-07,0.01768260869565217,0.024866479214430328,
94,Oakland-West,2020-02-07,0.01193181818181818,0.024866479214430328,
95,Sebastopol-103 Morris Street            ,2020-02-07,0.013817391304347827,0.024866479214430328,
96,Berkeley-Aquatic Park                   ,2020-02-07,0.009465217391304346,0.024866479214430328,
97,Napa-Valley College,2020-02-07,0.02127826086956522,0.024866479214430328,
98,Redwood City,2020-02-08,0.018921739130434788,0.024866479214430328,
99,Gilroy-9th Street,2020-02-08,0.013656521739130434,0.024866479214430328,
100,San Francisco-Arkansas Street,2020-02-08,0.026165217391304348,0.024866479214430328,
101,Vallejo-304 Tuolumne Street,2020-02-08,0.02232173913043478,0.024866479214430328,
102,San Rafael,2020-02-08,0.019326086956521736,0.024866479214430328,
103,Concord-2956-A Treat Blvd,2020-02-08,0.02278695652173913,0.024866479214430328,
104,Oakland-9925 International Blvd,2020-02-08,0.0184,0.024866479214430328,
105,Livermore-793 Rincon Avenue,2020-02-08,0.01885217391304348,0.024866479214430328,
106,San Jose-Jackson Street,2020-02-08,0.021754545454545457,0.024866479214430328,
107,San Pablo-Rumrill Blvd,2020-02-08,0.027330434782608697,0.024866479214430328,
108,Oakland-West,2020-02-08,0.025626086956521747,0.024866479214430328,
109,Sebastopol-103 Morris Street            ,2020-02-08,0.02075217391304348,0.024866479214430328,
110,Berkeley-Aquatic Park                   ,2020-02-08,0.02223478260869565,0.024866479214430328,
111,Napa-Valley College,2020-02-08,0.019100000000000002,0.024866479214430328,
112,Redwood City,2020-02-09,0.03291363636363637,0.024866479214430328,
113,Gilroy-9th Street,2020-02-09,0.028682608695652173,0.024866479214430328,
114,San Francisco-Arkansas Street,2020-02-09,0.03528695652173913,0.024866479214430328,
115,Vallejo-304 Tuolumne Street,2020-02-09,0.03611739130434783,0.024866479214430328,
116,San Rafael,2020-02-09,0.035360869565217404,0.024866479214430328,
117,Concord-2956-A Treat Blvd,2020-02-09,0.0333,0.024866479214430328,
118,Oakland-9925 International Blvd,2020-02-09,0.0297,0.024866479214430328,
119,Livermore-793 Rincon Avenue,2020-02-09,0.03438260869565218,0.024866479214430328,
120,San Jose-Jackson Street,2020-02-09,0.02917727272727274,0.024866479214430328,
121,San Pablo-Rumrill Blvd,2020-02-09,0.03645217391304347,0.024866479214430328,
122,Oakland-West,2020-02-09,0.03395217391304348,0.024866479214430328,
123,Sebastopol-103 Morris Street            ,2020-02-09,0.0352304347826087,0.024866479214430328,
124,Berkeley-Aquatic Park                   ,2020-02-09,0.03408695652173913,0.024866479214430328,
125,Napa-Valley College,2020-02-09,0.03714782608695652,0.024866479214430328,
126,Redwood City,2020-02-10,0.01798695652173913,0.024866479214430328,
127,Gilroy-9th Street,2020-02-10,0.021978260869565214,0.024866479214430328,
128,San Francisco-Arkansas Street,2020-02-10,0.025700000000000004,0.024866479214430328,
129,Vallejo-304 Tuolumne Street,2020-02-10,0.02161818181818182,0.024866479214430328,
130,San Rafael,2020-02-10,0.020169565217391307,0.024866479214430328,
131,Concord-2956-A Treat Blvd,2020-02-10,0.02069130434782609,0.024866479214430328,
132,Oakland-9925 International Blvd,2020-02-10,0.02084782608695652,0.024866479214430328,
133,Livermore-793 Rincon Avenue,2020-02-10,0.03127391304347827,0.024866479214430328,
134,San Jose-Jackson Street,2020-02-10,0.024686363636363638,0.024866479214430328,
135,San Pablo-Rumrill Blvd,2020-02-10,0.02066086956521739,0.024866479214430328,
136,Oakland-West,2020-02-10,0.022777272727272726,0.024866479214430328,
137,Sebastopol-103 Morris Street            ,2020-02-10,0.030539130434782614,0.024866479214430328,
138,Berkeley-Aquatic Park                   ,2020-02-10,0.01782173913043478,0.024866479214430328,
139,Napa-Valley College,2020-02-10,0.03978695652173913,0.024866479214430328,
140,Redwood City,2020-02-11,0.012522222222222221,0.024866479214430328,
141,Gilroy-9th Street,2020-02-11,0.018939130434782608,0.024866479214430328,
142,San Francisco-Arkansas Street,2020-02-11,0.020686956521739127,0.024866479214430328,
143,Vallejo-304 Tuolumne Street,2020-02-11,0.021209090909090907,0.024866479214430328,
144,San Rafael,2020-02-11,0.020465217391304347,0.024866479214430328,
145,Concord-2956-A Treat Blvd,2020-02-11,0.030860869565217386,0.024866479214430328,
146,Oakland-9925 International Blvd,2020-02-11,0.019921739130434785,0.024866479214430328,
147,Livermore-793 Rincon Avenue,2020-02-11,0.028360869565217394,0.024866479214430328,
148,San Jose-Jackson Street,2020-02-11,0.020709090909090913,0.024866479214430328,
149,San Pablo-Rumrill Blvd,2020-02-11,0.022713043478260874,0.024866479214430328,
150,Oakland-West,2020-02-11,0.02127826086956522,0.024866479214430328,
151,Sebastopol-103 Morris Street            ,2020-02-11,0.02055652173913044,0.024866479214430328,
152,Berkeley-Aquatic Park                   ,2020-02-11,0.017573913043478263,0.024866479214430328,
153,Napa-Valley College,2020-02-11,0.034214285714285704,0.024866479214430328,
154,Redwood City,2020-02-12,0.012743478260869568,0.024866479214430328,
155,Gilroy-9th Street,2020-02-12,0.018426086956521738,0.024866479214430328,
156,San Francisco-Arkansas Street,2020-02-12,0.018139130434782606,0.024866479214430328,
157,Vallejo-304 Tuolumne Street,2020-02-12,0.015204347826086958,0.024866479214430328,
158,San Rafael,2020-02-12,0.015504347826086956,0.024866479214430328,
159,Concord-2956-A Treat Blvd,2020-02-12,0.021030434782608697,0.024866479214430328,
160,Oakland-9925 International Blvd,2020-02-12,0.012865217391304348,0.024866479214430328,
161,Livermore-793 Rincon Avenue,2020-02-12,0.018773913043478262,0.024866479214430328,
162,San Jose-Jackson Street,2020-02-12,0.018586363636363637,0.024866479214430328,
163,San Pablo-Rumrill Blvd,2020-02-12,0.019565217391304346,0.024866479214430328,
164,Oakland-West,2020-02-12,0.018099999999999995,0.024866479214430328,
165,Sebastopol-103 Morris Street            ,2020-02-12,0.014878260869565217,0.024866479214430328,
166,Berkeley-Aquatic Park                   ,2020-02-12,0.013586956521739128,0.024866479214430328,
167,Napa-Valley College,2020-02-12,0.02077391304347826,0.024866479214430328,
168,Redwood City,2020-02-13,0.02229130434782609,0.024866479214430328,
169,Gilroy-9th Street,2020-02-13,0.023399999999999997,0.024866479214430328,
170,San Francisco-Arkansas Street,2020-02-13,0.03624782608695652,0.024866479214430328,
171,Vallejo-304 Tuolumne Street,2020-02-13,0.032143478260869565,0.024866479214430328,
172,San Rafael,2020-02-13,0.020266666666666662,0.024866479214430328,
173,Concord-2956-A Treat Blvd,2020-02-13,0.024843478260869568,0.024866479214430328,
174,Oakland-9925 International Blvd,2020-02-13,0.02517826086956522,0.024866479214430328,
175,Livermore-793 Rincon Avenue,2020-02-13,0.022717391304347828,0.024866479214430328,
176,San Jose-Jackson Street,2020-02-13,0.029490909090909092,0.024866479214430328,
177,San Pablo-Rumrill Blvd,2020-02-13,0.033165217391304354,0.024866479214430328,
178,Oakland-West,2020-02-13,0.03204347826086956,0.024866479214430328,
179,Sebastopol-103 Morris Street            ,2020-02-13,0.019439130434782615,0.024866479214430328,
180,Berkeley-Aquatic Park                   ,2020-02-13,0.025847826086956523,0.024866479214430328,
181,Napa-Valley College,2020-02-13,0.02546086956521739,0.024866479214430328,
182,Redwood City,2020-02-14,0.024736363636363636,0.024866479214430328,
183,Gilroy-9th Street,2020-02-14,0.021139130434782608,0.024866479214430328,
184,San Francisco-Arkansas Street,2020-02-14,0.027677272727272727,0.024866479214430328,
185,Vallejo-304 Tuolumne Street,2020-02-14,0.029168181818181815,0.024866479214430328,
186,San Rafael,2020-02-14,0.028463636363636358,0.024866479214430328,
187,Concord-2956-A Treat Blvd,2020-02-14,0.03340434782608696,0.024866479214430328,
188,Oakland-9925 International Blvd,2020-02-14,0.022930434782608686,0.024866479214430328,
189,Livermore-793 Rincon Avenue,2020-02-14,0.03044347826086956,0.024866479214430328,
190,San Jose-Jackson Street,2020-02-14,0.025404545454545457,0.024866479214430328,
191,San Pablo-Rumrill Blvd,2020-02-14,0.02592173913043479,0.024866479214430328,
192,Oakland-West,2020-02-14,0.02866363636363636,0.024866479214430328,
193,Sebastopol-103 Morris Street            ,2020-02-14,0.01865217391304348,0.024866479214430328,
194,Berkeley-Aquatic Park                   ,2020-02-14,0.02067391304347826,0.024866479214430328,
195,Napa-Valley College,2020-02-14,0.025530434782608694,0.024866479214430328,
196,Redwood City,2020-02-15,0.016608695652173912,0.024866479214430328,
197,Gilroy-9th Street,2020-02-15,0.02055652173913044,0.024866479214430328,
198,San Francisco-Arkansas Street,2020-02-15,0.027891304347826086,0.024866479214430328,
199,Vallejo-304 Tuolumne Street,2020-02-15,0.02093478260869565,0.024866479214430328,
200,San Rafael,2020-02-15,0.02347391304347826,0.024866479214430328,
201,Concord-2956-A Treat Blvd,2020-02-15,0.021360869565217388,0.024866479214430328,
202,Oakland-9925 International Blvd,2020-02-15,0.014030434782608694,0.024866479214430328,
203,Livermore-793 Rincon Avenue,2020-02-15,0.021013043478260874,0.024866479214430328,
204,San Jose-Jackson Street,2020-02-15,0.018250000000000002,0.024866479214430328,
205,San Pablo-Rumrill Blvd,2020-02-15,0.01813478260869566,0.024866479214430328,
206,Oakland-West,2020-02-15,0.021078260869565216,0.024866479214430328,
207,Sebastopol-103 Morris Street            ,2020-02-15,0.01148695652173913,0.024866479214430328,
208,Berkeley-Aquatic Park                   ,2020-02-15,0.014860869565217396,0.024866479214430328,
209,Napa-Valley College,2020-02-15,0.019730434782608695,0.024866479214430328,
210,Redwood City,2020-02-16,0.026591304347826084,0.024866479214430328,
211,Gilroy-9th Street,2020-02-16,0.02384782608695652,0.024866479214430328,
212,San Francisco-Arkansas Street,2020-02-16,0.03230434782608695,0.024866479214430328,
213,Vallejo-304 Tuolumne Street,2020-02-16,0.03353478260869565,0.024866479214430328,
214,San Rafael,2020-02-16,0.033521739130434776,0.024866479214430328,
215,Concord-2956-A Treat Blvd,2020-02-16,0.027960869565217386,0.024866479214430328,
216,Oakland-9925 International Blvd,2020-02-16,0.02292608695652174,0.024866479214430328,
218,San Jose-Jackson Street,2020-02-16,0.02419545454545455,0.024866479214430328,
219,San Pablo-Rumrill Blvd,2020-02-16,0.02756956521739131,0.024866479214430328,
220,Oakland-West,2020-02-16,0.030469565217391303,0.024866479214430328,
221,Sebastopol-103 Morris Street            ,2020-02-16,0.019534782608695653,0.024866479214430328,
222,Berkeley-Aquatic Park                   ,2020-02-16,0.022495652173913038,0.024866479214430328,
223,Napa-Valley College,2020-02-16,0.023243478260869564,0.024866479214430328,
224,Redwood City,2020-02-17,0.017952173913043483,0.024866479214430328,
225,Gilroy-9th Street,2020-02-17,0.025613043478260867,0.024866479214430328,
226,San Francisco-Arkansas Street,2020-02-17,0.018226086956521736,0.024866479214430328,
227,Vallejo-304 Tuolumne Street,2020-02-17,0.019021739130434777,0.024866479214430328,
228,San Rafael,2020-02-17,0.01746086956521739,0.024866479214430328,
229,Concord-2956-A Treat Blvd,2020-02-17,0.023743478260869567,0.024866479214430328,
230,Oakland-9925 International Blvd,2020-02-17,0.012308695652173912,0.024866479214430328,
232,San Jose-Jackson Street,2020-02-17,0.023809090909090905,0.024866479214430328,
233,San Pablo-Rumrill Blvd,2020-02-17,0.020460869565217393,0.024866479214430328,
234,Oakland-West,2020-02-17,0.015886956521739132,0.024866479214430328,
235,Sebastopol-103 Morris Street            ,2020-02-17,0.017869565217391307,0.024866479214430328,
236,Berkeley-Aquatic Park                   ,2020-02-17,0.008100000000000001,0.024866479214430328,
237,Napa-Valley College,2020-02-17,0.022791304347826086,0.024866479214430328,
238,Redwood City,2020-02-18,0.021363636363636366,0.024866479214430328,
239,Gilroy-9th Street,2020-02-18,0.024165217391304346,0.024866479214430328,
240,San Francisco-Arkansas Street,2020-02-18,0.024578260869565213,0.024866479214430328,
241,Vallejo-304 Tuolumne Street,2020-02-18,0.028265217391304342,0.024866479214430328,
242,San Rafael,2020-02-18,0.021769565217391307,0.024866479214430328,
243,Concord-2956-A Treat Blvd,2020-02-18,0.02951304347826087,0.024866479214430328,
244,Oakland-9925 International Blvd,2020-02-18,0.021508695652173913,0.024866479214430328,
245,Livermore-793 Rincon Avenue,2020-02-18,0.030320000000000003,0.024866479214430328,
246,San Jose-Jackson Street,2020-02-18,0.02007727272727273,0.024866479214430328,
247,San Pablo-Rumrill Blvd,2020-02-18,0.02413478260869565,0.024866479214430328,
248,Oakland-West,2020-02-18,0.01940434782608696,0.024866479214430328,
249,Sebastopol-103 Morris Street            ,2020-02-18,0.018073913043478263,0.024866479214430328,
250,Berkeley-Aquatic Park                   ,2020-02-18,0.013956521739130435,0.024866479214430328,
251,Napa-Valley College,2020-02-18,0.021172222222222217,0.024866479214430328,
252,Redwood City,2020-02-19,0.015056521739130432,0.024866479214430328,
253,Gilroy-9th Street,2020-02-19,0.024473913043478256,0.024866479214430328,
254,San Francisco-Arkansas Street,2020-02-19,0.024478260869565217,0.024866479214430328,
255,Vallejo-304 Tuolumne Street,2020-02-19,0.01698695652173913,0.024866479214430328,
256,San Rafael,2020-02-19,0.02161304347826087,0.024866479214430328,
257,Concord-2956-A Treat Blvd,2020-02-19,0.021986956521739133,0.024866479214430328,
258,Oakland-9925 International Blvd,2020-02-19,0.01123478260869565,0.024866479214430328,
259,Livermore-793 Rincon Avenue,2020-02-19,0.018882608695652173,0.024866479214430328,
260,San Jose-Jackson Street,2020-02-19,0.01634090909090909,0.024866479214430328,
261,San Pablo-Rumrill Blvd,2020-02-19,0.018529999999999998,0.024866479214430328,
262,Oakland-West,2020-02-19,0.017995652173913045,0.024866479214430328,
263,Sebastopol-103 Morris Street            ,2020-02-19,0.019973913043478266,0.024866479214430328,
264,Berkeley-Aquatic Park                   ,2020-02-19,0.014928571428571426,0.024866479214430328,
265,Napa-Valley College,2020-02-19,0.019325000000000002,0.024866479214430328,
266,Redwood City,2020-02-20,0.01693913043478261,0.024866479214430328,
267,Gilroy-9th Street,2020-02-20,0.02402608695652174,0.024866479214430328,
268,San Francisco-Arkansas Street,2020-02-20,0.021560869565217394,0.024866479214430328,
269,Vallejo-304 Tuolumne Street,2020-02-20,0.020182608695652172,0.024866479214430328,
270,San Rafael,2020-02-20,0.022421739130434784,0.024866479214430328,
271,Concord-2956-A Treat Blvd,2020-02-20,0.022468181818181818,0.024866479214430328,
272,Oakland-9925 International Blvd,2020-02-20,0.020843478260869564,0.024866479214430328,
273,Livermore-793 Rincon Avenue,2020-02-20,0.025595652173913044,0.024866479214430328,
274,San Jose-Jackson Street,2020-02-20,0.017081818181818184,0.024866479214430328,
275,San Pablo-Rumrill Blvd,2020-02-20,0.02670869565217391,0.024866479214430328,
276,Oakland-West,2020-02-20,0.0209,0.024866479214430328,
277,Sebastopol-103 Morris Street            ,2020-02-20,0.019369565217391305,0.024866479214430328,
278,Berkeley-Aquatic Park                   ,2020-02-20,0.015957142857142857,0.024866479214430328,
279,Napa-Valley College,2020-02-20,0.025499999999999995,0.024866479214430328,
280,Redwood City,2020-02-21,0.02009090909090909,0.024866479214430328,
281,Gilroy-9th Street,2020-02-21,0.023943478260869563,0.024866479214430328,
282,San Francisco-Arkansas Street,2020-02-21,0.026636363636363635,0.024866479214430328,
283,Vallejo-304 Tuolumne Street,2020-02-21,0.017113636363636362,0.024866479214430328,
284,San Rafael,2020-02-21,0.023750000000000004,0.024866479214430328,
285,Concord-2956-A Treat Blvd,2020-02-21,0.022043478260869564,0.024866479214430328,
286,Oakland-9925 International Blvd,2020-02-21,0.02189130434782609,0.024866479214430328,
287,Livermore-793 Rincon Avenue,2020-02-21,0.023178260869565218,0.024866479214430328,
288,San Jose-Jackson Street,2020-02-21,0.011572727272727273,0.024866479214430328,
289,San Pablo-Rumrill Blvd,2020-02-21,0.025191304347826092,0.024866479214430328,
290,Oakland-West,2020-02-21,0.02042727272727273,0.024866479214430328,
291,Sebastopol-103 Morris Street            ,2020-02-21,0.015862499999999998,0.024866479214430328,
292,Berkeley-Aquatic Park                   ,2020-02-21,0.01884761904761905,0.024866479214430328,
293,Napa-Valley College,2020-02-21,0.026247826086956517,0.024866479214430328,
294,Redwood City,2020-02-22,0.02339130434782609,0.024866479214430328,
295,Gilroy-9th Street,2020-02-22,0.02909130434782609,0.024866479214430328,
296,San Francisco-Arkansas Street,2020-02-22,0.031334782608695655,0.024866479214430328,
297,Vallejo-304 Tuolumne Street,2020-02-22,0.022517391304347826,0.024866479214430328,
298,San Rafael,2020-02-22,0.02158695652173913,0.024866479214430328,
299,Concord-2956-A Treat Blvd,2020-02-22,0.026165217391304344,0.024866479214430328,
300,Oakland-9925 International Blvd,2020-02-22,0.023595652173913042,0.024866479214430328,
301,Livermore-793 Rincon Avenue,2020-02-22,0.026243478260869563,0.024866479214430328,
302,San Jose-Jackson Street,2020-02-22,0.02605909090909091,0.024866479214430328,
303,San Pablo-Rumrill Blvd,2020-02-22,0.02536086956521739,0.024866479214430328,
304,Oakland-West,2020-02-22,0.032052173913043484,0.024866479214430328,
305,Sebastopol-103 Morris Street            ,2020-02-22,0.017465217391304348,0.024866479214430328,
306,Berkeley-Aquatic Park                   ,2020-02-22,0.02310869565217391,0.024866479214430328,
307,Napa-Valley College,2020-02-22,0.02448260869565218,0.024866479214430328,
308,Redwood City,2020-02-23,0.030254545454545458,0.024866479214430328,
309,Gilroy-9th Street,2020-02-23,0.028543478260869563,0.024866479214430328,
310,San Francisco-Arkansas Street,2020-02-23,0.03302173913043478,0.024866479214430328,
311,Vallejo-304 Tuolumne Street,2020-02-23,0.03167826086956521,0.024866479214430328,
312,San Rafael,2020-02-23,0.03221739130434784,0.024866479214430328,
313,Concord-2956-A Treat Blvd,2020-02-23,0.03206086956521739,0.024866479214430328,
314,Oakland-9925 International Blvd,2020-02-23,0.029839130434782604,0.024866479214430328,
315,Livermore-793 Rincon Avenue,2020-02-23,0.031508695652173915,0.024866479214430328,
316,San Jose-Jackson Street,2020-02-23,0.026322727272727272,0.024866479214430328,
317,San Pablo-Rumrill Blvd,2020-02-23,0.030017391304347826,0.024866479214430328,
318,Oakland-West,2020-02-23,0.03498695652173913,0.024866479214430328,
319,Sebastopol-103 Morris Street            ,2020-02-23,0.016978260869565217,0.024866479214430328,
320,Berkeley-Aquatic Park                   ,2020-02-23,0.025673913043478262,0.024866479214430328,
321,Napa-Valley College,2020-02-23,0.025313043478260862,0.024866479214430328,
322,Redwood City,2020-02-24,0.015969565217391304,0.024866479214430328,
323,Gilroy-9th Street,2020-02-24,0.021382608695652176,0.024866479214430328,
324,San Francisco-Arkansas Street,2020-02-24,0.01858695652173913,0.024866479214430328,
325,Vallejo-304 Tuolumne Street,2020-02-24,0.017782608695652177,0.024866479214430328,
326,San Rafael,2020-02-24,0.01798695652173913,0.024866479214430328,
327,Concord-2956-A Treat Blvd,2020-02-24,0.019309523809523815,0.024866479214430328,
328,Oakland-9925 International Blvd,2020-02-24,0.012595652173913044,0.024866479214430328,
329,Livermore-793 Rincon Avenue,2020-02-24,0.017365217391304345,0.024866479214430328,
330,San Jose-Jackson Street,2020-02-24,0.017931818181818184,0.024866479214430328,
331,San Pablo-Rumrill Blvd,2020-02-24,0.01907391304347826,0.024866479214430328,
332,Oakland-West,2020-02-24,0.02254090909090909,0.024866479214430328,
333,Sebastopol-103 Morris Street            ,2020-02-24,0.01919523809523809,0.024866479214430328,
334,Berkeley-Aquatic Park                   ,2020-02-24,0.01372173913043478,0.024866479214430328,
335,Napa-Valley College,2020-02-24,0.017030434782608697,0.024866479214430328,
336,Redwood City,2020-02-25,0.016582608695652173,0.024866479214430328,
337,Gilroy-9th Street,2020-02-25,0.02078695652173913,0.024866479214430328,
338,San Francisco-Arkansas Street,2020-02-25,0.01543913043478261,0.024866479214430328,
339,Vallejo-304 Tuolumne Street,2020-02-25,0.015480952380952378,0.024866479214430328,
340,San Rafael,2020-02-25,0.0167304347826087,0.024866479214430328,
341,Concord-2956-A Treat Blvd,2020-02-25,0.020273913043478257,0.024866479214430328,
342,Oakland-9925 International Blvd,2020-02-25,0.017430434782608698,0.024866479214430328,
343,Livermore-793 Rincon Avenue,2020-02-25,0.02304545454545455,0.024866479214430328,
344,San Jose-Jackson Street,2020-02-25,0.017559090909090903,0.024866479214430328,
345,San Pablo-Rumrill Blvd,2020-02-25,0.018556521739130433,0.024866479214430328,
346,Oakland-West,2020-02-25,0.018230434782608697,0.024866479214430328,
347,Sebastopol-103 Morris Street            ,2020-02-25,0.019234782608695655,0.024866479214430328,
348,Berkeley-Aquatic Park                   ,2020-02-25,0.008321739130434783,0.024866479214430328,
349,Napa-Valley College,2020-02-25,0.0281909090909091,0.024866479214430328,
350,Redwood City,2020-02-26,0.016865217391304345,0.024866479214430328,
351,Gilroy-9th Street,2020-02-26,0.025991304347826084,0.024866479214430328,
352,San Francisco-Arkansas Street,2020-02-26,0.025160869565217393,0.024866479214430328,
353,Vallejo-304 Tuolumne Street,2020-02-26,0.021300000000000003,0.024866479214430328,
354,San Rafael,2020-02-26,0.026410526315789475,0.024866479214430328,
355,Concord-2956-A Treat Blvd,2020-02-26,0.025152173913043478,0.024866479214430328,
356,Oakland-9925 International Blvd,2020-02-26,0.01993913043478261,0.024866479214430328,
357,Livermore-793 Rincon Avenue,2020-02-26,0.02643181818181818,0.024866479214430328,
358,San Jose-Jackson Street,2020-02-26,0.022299999999999997,0.024866479214430328,
359,San Pablo-Rumrill Blvd,2020-02-26,0.021561538461538462,0.024866479214430328,
360,Oakland-West,2020-02-26,0.01847894736842105,0.024866479214430328,
361,Sebastopol-103 Morris Street            ,2020-02-26,0.02386086956521739,0.024866479214430328,
362,Berkeley-Aquatic Park                   ,2020-02-26,0.012054545454545455,0.024866479214430328,
363,Napa-Valley College,2020-02-26,0.028500000000000004,0.024866479214430328,
364,Redwood City,2020-02-27,0.022982608695652173,0.024866479214430328,
365,Gilroy-9th Street,2020-02-27,0.028013636363636366,0.024866479214430328,
366,San Francisco-Arkansas Street,2020-02-27,0.019934782608695654,0.024866479214430328,
367,Vallejo-304 Tuolumne Street,2020-02-27,0.019691304347826094,0.024866479214430328,
368,San Rafael,2020-02-27,0.0254695652173913,0.024866479214430328,
369,Concord-2956-A Treat Blvd,2020-02-27,0.026226086956521736,0.024866479214430328,
370,Oakland-9925 International Blvd,2020-02-27,0.023168421052631585,0.024866479214430328,
371,Livermore-793 Rincon Avenue,2020-02-27,0.024595652173913046,0.024866479214430328,
372,San Jose-Jackson Street,2020-02-27,0.021045454545454548,0.024866479214430328,
373,San Pablo-Rumrill Blvd,2020-02-27,0.0344,0.024866479214430328,
374,Oakland-West,2020-02-27,0.012060000000000001,0.024866479214430328,
375,Sebastopol-103 Morris Street            ,2020-02-27,0.023926086956521736,0.024866479214430328,
376,Berkeley-Aquatic Park                   ,2020-02-27,0.010675,0.024866479214430328,
377,Napa-Valley College,2020-02-27,0.027060869565217395,0.024866479214430328,
378,Redwood City,2020-02-28,0.02345909090909091,0.024866479214430328,
379,Gilroy-9th Street,2020-02-28,0.025423809523809533,0.024866479214430328,
380,San Francisco-Arkansas Street,2020-02-28,0.022918181818181817,0.024866479214430328,
381,Vallejo-304 Tuolumne Street,2020-02-28,0.027200000000000002,0.024866479214430328,
382,San Rafael,2020-02-28,0.025804545454545455,0.024866479214430328,
383,Concord-2956-A Treat Blvd,2020-02-28,0.032313043478260875,0.024866479214430328,
384,Oakland-9925 International Blvd,2020-02-28,0.02582142857142857,0.024866479214430328,
385,Livermore-793 Rincon Avenue,2020-02-28,0.029604347826086962,0.024866479214430328,
386,San Jose-Jackson Street,2020-02-28,0.02452727272727273,0.024866479214430328,
387,San Pablo-Rumrill Blvd,2020-02-28,0.029300000000000003,0.024866479214430328,
388,Oakland-West,2020-02-28,0.01904090909090909,0.024866479214430328,
389,Sebastopol-103 Morris Street            ,2020-02-28,0.022713043478260864,0.024866479214430328,
390,Berkeley-Aquatic Park                   ,2020-02-28,0.015191304347826088,0.024866479214430328,
391,Napa-Valley College,2020-02-28,0.032604347826086955,0.024866479214430328,
392,Redwood City,2020-02-29,0.03712105263157896,0.024866479214430328,
393,Gilroy-9th Street,2020-02-29,0.03137142857142857,0.024866479214430328,
394,San Francisco-Arkansas Street,2020-02-29,0.040689473684210525,0.024866479214430328,
395,Vallejo-304 Tuolumne Street,2020-02-29,0.037073684210526314,0.024866479214430328,
396,San Rafael,2020-02-29,0.03791052631578948,0.024866479214430328,
397,Concord-2956-A Treat Blvd,2020-02-29,0.035695652173913045,0.024866479214430328,
398,Oakland-9925 International Blvd,2020-02-29,0.03496842105263158,0.024866479214430328,
399,Livermore-793 Rincon Avenue,2020-02-29,0.03870526315789474,0.024866479214430328,
400,San Jose-Jackson Street,2020-02-29,0.03602631578947368,0.024866479214430328,
401,San Pablo-Rumrill Blvd,2020-02-29,0.035769565217391296,0.024866479214430328,
402,Oakland-West,2020-02-29,0.03495263157894737,0.024866479214430328,
403,Sebastopol-103 Morris Street            ,2020-02-29,0.025313043478260872,0.024866479214430328,
404,Berkeley-Aquatic Park                   ,2020-02-29,0.031243478260869567,0.024866479214430328,
405,Napa-Valley College,2020-02-29,0.029595652173913044,0.024866479214430328,
406,Redwood City,2020-03-01,0.03660869565217391,0.024866479214430328,
407,Gilroy-9th Street,2020-03-01,0.02619565217391304,0.024866479214430328,
408,San Francisco-Arkansas Street,2020-03-01,0.03542608695652174,0.024866479214430328,
409,Vallejo-304 Tuolumne Street,2020-03-01,0.036373913043478256,0.024866479214430328,
410,San Rafael,2020-03-01,0.034317391304347834,0.024866479214430328,
411,Concord-2956-A Treat Blvd,2020-03-01,0.03472173913043479,0.024866479214430328,
412,Oakland-9925 International Blvd,2020-03-01,0.031573913043478265,0.024866479214430328,
413,Livermore-793 Rincon Avenue,2020-03-01,0.03758695652173913,0.024866479214430328,
414,San Jose-Jackson Street,2020-03-01,0.03377727272727272,0.024866479214430328,
415,San Pablo-Rumrill Blvd,2020-03-01,0.034213043478260874,0.024866479214430328,
416,Oakland-West,2020-03-01,0.03438260869565217,0.024866479214430328,
417,Sebastopol-103 Morris Street            ,2020-03-01,0.03267826086956522,0.024866479214430328,
418,Berkeley-Aquatic Park                   ,2020-03-01,0.03306956521739131,0.024866479214430328,
419,Napa-Valley College,2020-03-01,0.03417826086956522,0.024866479214430328,
420,Redwood City,2020-03-02,0.033015,0.024866479214430328,
421,Gilroy-9th Street,2020-03-02,0.020465217391304347,0.024866479214430328,
422,San Francisco-Arkansas Street,2020-03-02,0.03376086956521739,0.024866479214430328,
423,Vallejo-304 Tuolumne Street,2020-03-02,0.03513478260869566,0.024866479214430328,
424,San Rafael,2020-03-02,0.03529130434782609,0.024866479214430328,
425,Concord-2956-A Treat Blvd,2020-03-02,0.032122727272727275,0.024866479214430328,
426,Oakland-9925 International Blvd,2020-03-02,0.03151428571428571,0.024866479214430328,
427,Livermore-793 Rincon Avenue,2020-03-02,0.035591304347826085,0.024866479214430328,
428,San Jose-Jackson Street,2020-03-02,0.033600000000000005,0.024866479214430328,
429,San Pablo-Rumrill Blvd,2020-03-02,0.03814782608695653,0.024866479214430328,
430,Oakland-West,2020-03-02,0.035217391304347825,0.024866479214430328,
431,Sebastopol-103 Morris Street            ,2020-03-02,0.036034782608695644,0.024866479214430328,
432,Berkeley-Aquatic Park                   ,2020-03-02,0.03160526315789473,0.024866479214430328,
433,Napa-Valley College,2020-03-02,0.0377391304347826,0.024866479214430328,
434,Redwood City,2020-03-03,0.017,0.024866479214430328,
435,Gilroy-9th Street,2020-03-03,0.022,0.024866479214430328,
436,San Francisco-Arkansas Street,2020-03-03,0.016304761904761905,0.024866479214430328,
437,Vallejo-304 Tuolumne Street,2020-03-03,0.020209090909090906,0.024866479214430328,
438,San Rafael,2020-03-03,0.018221739130434785,0.024866479214430328,
439,Concord-2956-A Treat Blvd,2020-03-03,0.023513043478260866,0.024866479214430328,
440,Oakland-9925 International Blvd,2020-03-03,0.01634090909090909,0.024866479214430328,
441,Livermore-793 Rincon Avenue,2020-03-03,0.024045454545454547,0.024866479214430328,
442,San Jose-Jackson Street,2020-03-03,0.017931818181818184,0.024866479214430328,
443,San Pablo-Rumrill Blvd,2020-03-03,0.02252173913043478,0.024866479214430328,
444,Oakland-West,2020-03-03,0.01448695652173913,0.024866479214430328,
445,Sebastopol-103 Morris Street            ,2020-03-03,0.0222,0.024866479214430328,
446,Berkeley-Aquatic Park                   ,2020-03-03,0.015250000000000003,0.024866479214430328,
447,Napa-Valley College,2020-03-03,0.024659999999999998,0.024866479214430328,
448,Redwood City,2020-03-04,0.022290476190476187,0.024866479214430328,
449,Gilroy-9th Street,2020-03-04,0.024791304347826084,0.024866479214430328,
450,San Francisco-Arkansas Street,2020-03-04,0.023034782608695653,0.024866479214430328,
451,Vallejo-304 Tuolumne Street,2020-03-04,0.02807826086956521,0.024866479214430328,
452,San Rafael,2020-03-04,0.024339130434782606,0.024866479214430328,
453,Concord-2956-A Treat Blvd,2020-03-04,0.029930434782608692,0.024866479214430328,
454,Oakland-9925 International Blvd,2020-03-04,0.02007391304347826,0.024866479214430328,
455,Livermore-793 Rincon Avenue,2020-03-04,0.024239130434782607,0.024866479214430328,
456,San Jose-Jackson Street,2020-03-04,0.024240909090909094,0.024866479214430328,
457,San Pablo-Rumrill Blvd,2020-03-04,0.028043478260869562,0.024866479214430328,
458,Oakland-West,2020-03-04,0.019204347826086952,0.024866479214430328,
459,Sebastopol-103 Morris Street            ,2020-03-04,0.02123478260869565,0.024866479214430328,
460,Berkeley-Aquatic Park                   ,2020-03-04,0.020344444444444446,0.024866479214430328,
461,Napa-Valley College,2020-03-04,0.027843478260869563,0.024866479214430328,
462,Redwood City,2020-03-05,0.025543478260869567,0.024866479214430328,
463,Gilroy-9th Street,2020-03-05,0.025143478260869562,0.024866479214430328,
464,San Francisco-Arkansas Street,2020-03-05,0.03272272727272727,0.024866479214430328,
465,Vallejo-304 Tuolumne Street,2020-03-05,0.035495652173913046,0.024866479214430328,
466,San Rafael,2020-03-05,0.02725652173913043,0.024866479214430328,
467,Concord-2956-A Treat Blvd,2020-03-05,0.03293478260869565,0.024866479214430328,
468,Oakland-9925 International Blvd,2020-03-05,0.027718181818181822,0.024866479214430328,
469,Livermore-793 Rincon Avenue,2020-03-05,0.024840909090909094,0.024866479214430328,
470,San Jose-Jackson Street,2020-03-05,0.029513636363636356,0.024866479214430328,
471,San Pablo-Rumrill Blvd,2020-03-05,0.03668947368421052,0.024866479214430328,
472,Oakland-West,2020-03-05,0.030865217391304347,0.024866479214430328,
473,Sebastopol-103 Morris Street            ,2020-03-05,0.03853913043478261,0.024866479214430328,
474,Berkeley-Aquatic Park                   ,2020-03-05,0.02956521739130435,0.024866479214430328,
475,Napa-Valley College,2020-03-05,0.031691304347826084,0.024866479214430328,
476,Redwood City,2020-03-06,0.03374090909090909,0.024866479214430328,
477,Gilroy-9th Street,2020-03-06,0.031560869565217385,0.024866479214430328,
478,San Francisco-Arkansas Street,2020-03-06,0.03645909090909091,0.024866479214430328,
479,Vallejo-304 Tuolumne Street,2020-03-06,0.03772272727272727,0.024866479214430328,
480,San Rafael,2020-03-06,0.03412272727272727,0.024866479214430328,
481,Concord-2956-A Treat Blvd,2020-03-06,0.034660869565217384,0.024866479214430328,
482,Oakland-9925 International Blvd,2020-03-06,0.03352608695652175,0.024866479214430328,
483,Livermore-793 Rincon Avenue,2020-03-06,0.033447619047619045,0.024866479214430328,
484,San Jose-Jackson Street,2020-03-06,0.031413636363636366,0.024866479214430328,
485,San Pablo-Rumrill Blvd,2020-03-06,0.036343478260869574,0.024866479214430328,
486,Oakland-West,2020-03-06,0.03508636363636364,0.024866479214430328,
487,Sebastopol-103 Morris Street            ,2020-03-06,0.03513913043478261,0.024866479214430328,
488,Berkeley-Aquatic Park                   ,2020-03-06,0.030952941176470582,0.024866479214430328,
489,Napa-Valley College,2020-03-06,0.038139130434782606,0.024866479214430328,
490,Redwood City,2020-03-07,0.02997391304347826,0.024866479214430328,
491,Gilroy-9th Street,2020-03-07,0.031191304347826097,0.024866479214430328,
492,San Francisco-Arkansas Street,2020-03-07,0.03536086956521739,0.024866479214430328,
493,Vallejo-304 Tuolumne Street,2020-03-07,0.03502173913043478,0.024866479214430328,
494,San Rafael,2020-03-07,0.028778260869565225,0.024866479214430328,
495,Concord-2956-A Treat Blvd,2020-03-07,0.029904347826086954,0.024866479214430328,
496,Oakland-9925 International Blvd,2020-03-07,0.030247826086956517,0.024866479214430328,
497,Livermore-793 Rincon Avenue,2020-03-07,0.03108695652173913,0.024866479214430328,
498,San Jose-Jackson Street,2020-03-07,0.02969090909090909,0.024866479214430328,
499,San Pablo-Rumrill Blvd,2020-03-07,0.03130869565217391,0.024866479214430328,
500,Oakland-West,2020-03-07,0.03387826086956522,0.024866479214430328,
501,Sebastopol-103 Morris Street            ,2020-03-07,0.029043478260869563,0.024866479214430328,
502,Berkeley-Aquatic Park                   ,2020-03-07,0.029391304347826084,0.024866479214430328,
503,Napa-Valley College,2020-03-07,0.03326086956521739,0.024866479214430328,
504,Redwood City,2020-03-08,0.02613478260869565,0.024866479214430328,
505,Gilroy-9th Street,2020-03-08,0.030339130434782608,0.024866479214430328,
506,San Francisco-Arkansas Street,2020-03-08,0.03100434782608696,0.024866479214430328,
507,Vallejo-304 Tuolumne Street,2020-03-08,0.023539130434782608,0.024866479214430328,
508,San Rafael,2020-03-08,0.023443478260869562,0.024866479214430328,
509,Concord-2956-A Treat Blvd,2020-03-08,0.02103478260869565,0.024866479214430328,
510,Oakland-9925 International Blvd,2020-03-08,0.024821739130434787,0.024866479214430328,
511,Livermore-793 Rincon Avenue,2020-03-08,0.02385217391304348,0.024866479214430328,
512,San Jose-Jackson Street,2020-03-08,0.029868181818181825,0.024866479214430328,
513,San Pablo-Rumrill Blvd,2020-03-08,0.025477272727272737,0.024866479214430328,
514,Oakland-West,2020-03-08,0.028600000000000004,0.024866479214430328,
515,Sebastopol-103 Morris Street            ,2020-03-08,0.01999565217391304,0.024866479214430328,
516,Berkeley-Aquatic Park                   ,2020-03-08,0.0235695652173913,0.024866479214430328,
517,Napa-Valley College,2020-03-08,0.024421739130434782,0.024866479214430328,
518,Redwood City,2020-03-09,0.022386363636363635,0.024866479214430328,
519,Gilroy-9th Street,2020-03-09,0.026243478260869563,0.024866479214430328,
520,San Francisco-Arkansas Street,2020-03-09,0.02510869565217391,0.024866479214430328,
521,Vallejo-304 Tuolumne Street,2020-03-09,0.022963636363636363,0.024866479214430328,
522,San Rafael,2020-03-09,0.024569565217391308,0.024866479214430328,
523,Concord-2956-A Treat Blvd,2020-03-09,0.023778260869565214,0.024866479214430328,
524,Oakland-9925 International Blvd,2020-03-09,0.027065217391304346,0.024866479214430328,
525,Livermore-793 Rincon Avenue,2020-03-09,0.02352173913043478,0.024866479214430328,
526,San Jose-Jackson Street,2020-03-09,0.019840909090909093,0.024866479214430328,
527,San Pablo-Rumrill Blvd,2020-03-09,0.025904347826086957,0.024866479214430328,
528,Oakland-West,2020-03-09,0.0232,0.024866479214430328,
529,Sebastopol-103 Morris Street            ,2020-03-09,0.02553478260869566,0.024866479214430328,
530,Berkeley-Aquatic Park                   ,2020-03-09,0.022043478260869564,0.024866479214430328,
531,Napa-Valley College,2020-03-09,0.02953478260869566,0.024866479214430328,
532,Redwood City,2020-03-10,0.02458181818181818,0.024866479214430328,
533,Gilroy-9th Street,2020-03-10,0.025810526315789478,0.024866479214430328,
534,San Francisco-Arkansas Street,2020-03-10,0.028704761904761907,0.024866479214430328,
535,Vallejo-304 Tuolumne Street,2020-03-10,0.021221739130434784,0.024866479214430328,
536,San Rafael,2020-03-10,0.022923529411764704,0.024866479214430328,
537,Concord-2956-A Treat Blvd,2020-03-10,0.02817391304347826,0.024866479214430328,
538,Oakland-9925 International Blvd,2020-03-10,0.028882608695652175,0.024866479214430328,
539,Livermore-793 Rincon Avenue,2020-03-10,0.024447826086956514,0.024866479214430328,
540,San Jose-Jackson Street,2020-03-10,0.021077272727272726,0.024866479214430328,
541,San Pablo-Rumrill Blvd,2020-03-10,0.02276521739130435,0.024866479214430328,
542,Oakland-West,2020-03-10,0.023773913043478263,0.024866479214430328,
543,Sebastopol-103 Morris Street            ,2020-03-10,0.0251304347826087,0.024866479214430328,
544,Berkeley-Aquatic Park                   ,2020-03-10,0.016686956521739127,0.024866479214430328,
545,Napa-Valley College,2020-03-10,0.02590869565217391,0.024866479214430328,
546,Redwood City,2020-03-11,0.025547826086956518,0.024866479214430328,
547,Gilroy-9th Street,2020-03-11,0.023539130434782608,0.024866479214430328,
548,San Francisco-Arkansas Street,2020-03-11,0.028852173913043476,0.024866479214430328,
549,Vallejo-304 Tuolumne Street,2020-03-11,0.027947826086956513,0.024866479214430328,
550,San Rafael,2020-03-11,0.02430869565217391,0.024866479214430328,
551,Concord-2956-A Treat Blvd,2020-03-11,0.027404347826086955,0.024866479214430328,
552,Oakland-9925 International Blvd,2020-03-11,0.021960869565217395,0.024866479214430328,
553,Livermore-793 Rincon Avenue,2020-03-11,0.02647826086956522,0.024866479214430328,
554,San Jose-Jackson Street,2020-03-11,0.026872727272727267,0.024866479214430328,
555,San Pablo-Rumrill Blvd,2020-03-11,0.028021739130434785,0.024866479214430328,
556,Oakland-West,2020-03-11,0.021230434782608693,0.024866479214430328,
557,Sebastopol-103 Morris Street            ,2020-03-11,0.023852173913043482,0.024866479214430328,
558,Berkeley-Aquatic Park                   ,2020-03-11,0.020668181818181818,0.024866479214430328,
559,Napa-Valley College,2020-03-11,0.027800000000000002,0.024866479214430328,
560,Redwood City,2020-03-12,0.021452173913043476,0.024866479214430328,
561,Gilroy-9th Street,2020-03-12,0.023486956521739127,0.024866479214430328,
562,San Francisco-Arkansas Street,2020-03-12,0.02494347826086957,0.024866479214430328,
563,Vallejo-304 Tuolumne Street,2020-03-12,0.028913043478260868,0.024866479214430328,
564,San Rafael,2020-03-12,0.01946086956521739,0.024866479214430328,
565,Concord-2956-A Treat Blvd,2020-03-12,0.028304347826086956,0.024866479214430328,
566,Oakland-9925 International Blvd,2020-03-12,0.01911739130434783,0.024866479214430328,
567,Livermore-793 Rincon Avenue,2020-03-12,0.02576521739130435,0.024866479214430328,
568,San Jose-Jackson Street,2020-03-12,0.024490909090909098,0.024866479214430328,
569,San Pablo-Rumrill Blvd,2020-03-12,0.02601363636363636,0.024866479214430328,
570,Oakland-West,2020-03-12,0.020160869565217395,0.024866479214430328,
571,Sebastopol-103 Morris Street            ,2020-03-12,0.019230434782608698,0.024866479214430328,
572,Berkeley-Aquatic Park                   ,2020-03-12,0.01989565217391304,0.024866479214430328,
573,Napa-Valley College,2020-03-12,0.02430434782608696,0.024866479214430328,
574,Redwood City,2020-03-13,0.02735454545454545,0.024866479214430328,
575,Gilroy-9th Street,2020-03-13,0.031991304347826086,0.024866479214430328,
576,San Francisco-Arkansas Street,2020-03-13,0.035023809523809527,0.024866479214430328,
577,Vallejo-304 Tuolumne Street,2020-03-13,0.03672000000000001,0.024866479214430328,
578,San Rafael,2020-03-13,0.02840454545454545,0.024866479214430328,
579,Concord-2956-A Treat Blvd,2020-03-13,0.03248695652173914,0.024866479214430328,
580,Oakland-9925 International Blvd,2020-03-13,0.025126086956521732,0.024866479214430328,
581,Livermore-793 Rincon Avenue,2020-03-13,0.02728260869565217,0.024866479214430328,
582,San Jose-Jackson Street,2020-03-13,0.03050909090909091,0.024866479214430328,
583,San Pablo-Rumrill Blvd,2020-03-13,0.03733478260869565,0.024866479214430328,
584,Oakland-West,2020-03-13,0.030549999999999997,0.024866479214430328,
585,Sebastopol-103 Morris Street            ,2020-03-13,0.028439130434782606,0.024866479214430328,
586,Berkeley-Aquatic Park                   ,2020-03-13,0.026334782608695654,0.024866479214430328,
587,Napa-Valley College,2020-03-13,0.03286956521739131,0.024866479214430328,
588,Redwood City,2020-03-14,0.03422608695652174,0.024866479214430328,
589,Gilroy-9th Street,2020-03-14,0.03392173913043478,0.024866479214430328,
590,San Francisco-Arkansas Street,2020-03-14,0.037943478260869565,0.024866479214430328,
591,Vallejo-304 Tuolumne Street,2020-03-14,0.03805652173913043,0.024866479214430328,
592,San Rafael,2020-03-14,0.03530869565217391,0.024866479214430328,
593,Concord-2956-A Treat Blvd,2020-03-14,0.03514782608695652,0.024866479214430328,
594,Oakland-9925 International Blvd,2020-03-14,0.033947826086956526,0.024866479214430328,
595,Livermore-793 Rincon Avenue,2020-03-14,0.033939130434782604,0.024866479214430328,
596,San Jose-Jackson Street,2020-03-14,0.03145454545454545,0.024866479214430328,
597,San Pablo-Rumrill Blvd,2020-03-14,0.03833181818181818,0.024866479214430328,
598,Oakland-West,2020-03-14,0.035395652173913036,0.024866479214430328,
599,Sebastopol-103 Morris Street            ,2020-03-14,0.036365217391304355,0.024866479214430328,
600,Berkeley-Aquatic Park                   ,2020-03-14,0.032017391304347824,0.024866479214430328,
601,Napa-Valley College,2020-03-14,0.038243478260869566,0.024866479214430328,
602,Redwood City,2020-03-15,0.038647826086956515,0.024866479214430328,
603,Gilroy-9th Street,2020-03-15,0.03583043478260869,0.024866479214430328,
604,San Francisco-Arkansas Street,2020-03-15,0.043260869565217394,0.024866479214430328,
605,Vallejo-304 Tuolumne Street,2020-03-15,0.042008695652173904,0.024866479214430328,
606,San Rafael,2020-03-15,0.03942608695652174,0.024866479214430328,
607,Concord-2956-A Treat Blvd,2020-03-15,0.03789130434782608,0.024866479214430328,
608,Oakland-9925 International Blvd,2020-03-15,0.036695652173913046,0.024866479214430328,
609,Livermore-793 Rincon Avenue,2020-03-15,0.03903478260869565,0.024866479214430328,
610,San Jose-Jackson Street,2020-03-15,0.0347,0.024866479214430328,
611,San Pablo-Rumrill Blvd,2020-03-15,0.041630434782608694,0.024866479214430328,
612,Oakland-West,2020-03-15,0.04028695652173912,0.024866479214430328,
613,Sebastopol-103 Morris Street            ,2020-03-15,0.035030434782608706,0.024866479214430328,
614,Berkeley-Aquatic Park                   ,2020-03-15,0.0384,0.024866479214430328,
615,Napa-Valley College,2020-03-15,0.0413913043478261,0.024866479214430328,
616,Redwood City,2020-03-16,0.03264347826086956,0.024866479214430328,
617,Gilroy-9th Street,2020-03-16,0.030491304347826077,0.024866479214430328,
618,San Francisco-Arkansas Street,2020-03-16,0.036204347826086954,0.024866479214430328,
619,Vallejo-304 Tuolumne Street,2020-03-16,0.03706086956521739,0.024866479214430328,
620,San Rafael,2020-03-16,0.03221739130434782,0.024866479214430328,
621,Concord-2956-A Treat Blvd,2020-03-16,0.033738888888888895,0.024866479214430328,
622,Oakland-9925 International Blvd,2020-03-16,0.033517391304347825,0.024866479214430328,
623,Livermore-793 Rincon Avenue,2020-03-16,0.0341608695652174,0.024866479214430328,
624,San Jose-Jackson Street,2020-03-16,0.029590000000000005,0.024866479214430328,
625,San Pablo-Rumrill Blvd,2020-03-16,0.03245,0.024866479214430328,
626,Oakland-West,2020-03-16,0.037004347826086956,0.024866479214430328,
627,Sebastopol-103 Morris Street            ,2020-03-16,0.025533333333333335,0.024866479214430328,
628,Berkeley-Aquatic Park                   ,2020-03-16,0.035761111111111105,0.024866479214430328,
629,Napa-Valley College,2020-03-16,0.03365555555555556,0.024866479214430328,
630,Redwood City,2020-03-17,0.023526086956521735,,0.02993035952051924
631,Gilroy-9th Street,2020-03-17,0.021760869565217392,,0.02993035952051924
632,San Francisco-Arkansas Street,2020-03-17,0.03284782608695652,,0.02993035952051924
633,Vallejo-304 Tuolumne Street,2020-03-17,0.03490000000000001,,0.02993035952051924
634,San Rafael,2020-03-17,0.0265304347826087,,0.02993035952051924
635,Concord-2956-A Treat Blvd,2020-03-17,0.02301304347826087,,0.02993035952051924
636,Oakland-9925 International Blvd,2020-03-17,0.02663043478260869,,0.02993035952051924
637,Livermore-793 Rincon Avenue,2020-03-17,0.019908695652173913,,0.02993035952051924
638,San Jose-Jackson Street,2020-03-17,0.022694117647058826,,0.02993035952051924
639,San Pablo-Rumrill Blvd,2020-03-17,0.03028260869565217,,0.02993035952051924
640,Oakland-West,2020-03-17,0.03283913043478261,,0.02993035952051924
641,Sebastopol-103 Morris Street            ,2020-03-17,0.02656086956521739,,0.02993035952051924
642,Berkeley-Aquatic Park                   ,2020-03-17,0.030008695652173914,,0.02993035952051924
643,Napa-Valley College,2020-03-17,0.027721739130434787,,0.02993035952051924
644,Redwood City,2020-03-18,0.024773913043478264,,0.02993035952051924
645,Gilroy-9th Street,2020-03-18,0.022630434782608694,,0.02993035952051924
646,San Francisco-Arkansas Street,2020-03-18,0.034630434782608695,,0.02993035952051924
647,Vallejo-304 Tuolumne Street,2020-03-18,0.032421739130434786,,0.02993035952051924
648,San Rafael,2020-03-18,0.02336666666666667,,0.02993035952051924
649,Concord-2956-A Treat Blvd,2020-03-18,0.026017391304347822,,0.02993035952051924
650,Oakland-9925 International Blvd,2020-03-18,0.028491304347826076,,0.02993035952051924
651,Livermore-793 Rincon Avenue,2020-03-18,0.022965217391304353,,0.02993035952051924
652,San Jose-Jackson Street,2020-03-18,0.025015000000000003,,0.02993035952051924
653,San Pablo-Rumrill Blvd,2020-03-18,0.03278636363636364,,0.02993035952051924
654,Oakland-West,2020-03-18,0.03063913043478261,,0.02993035952051924
655,Sebastopol-103 Morris Street            ,2020-03-18,0.027504347826086958,,0.02993035952051924
656,Berkeley-Aquatic Park                   ,2020-03-18,0.029386956521739123,,0.02993035952051924
657,Napa-Valley College,2020-03-18,0.030608695652173917,,0.02993035952051924
658,Redwood City,2020-03-19,0.026860869565217386,,0.02993035952051924
659,Gilroy-9th Street,2020-03-19,0.02533809523809524,,0.02993035952051924
660,San Francisco-Arkansas Street,2020-03-19,0.030900000000000004,,0.02993035952051924
661,Vallejo-304 Tuolumne Street,2020-03-19,0.023086956521739126,,0.02993035952051924
662,San Rafael,2020-03-19,0.02373478260869565,,0.02993035952051924
663,Concord-2956-A Treat Blvd,2020-03-19,0.026778260869565206,,0.02993035952051924
664,Oakland-9925 International Blvd,2020-03-19,0.026889999999999997,,0.02993035952051924
665,Livermore-793 Rincon Avenue,2020-03-19,0.02700869565217392,,0.02993035952051924
666,San Jose-Jackson Street,2020-03-19,0.0247590909090909,,0.02993035952051924
667,San Pablo-Rumrill Blvd,2020-03-19,0.0254,,0.02993035952051924
668,Oakland-West,2020-03-19,0.02626521739130435,,0.02993035952051924
669,Sebastopol-103 Morris Street            ,2020-03-19,0.024217391304347823,,0.02993035952051924
670,Berkeley-Aquatic Park                   ,2020-03-19,0.023377272727272726,,0.02993035952051924
671,Napa-Valley College,2020-03-19,0.024565217391304347,,0.02993035952051924
672,Redwood City,2020-03-20,0.024295454545454544,,0.02993035952051924
673,Gilroy-9th Street,2020-03-20,0.025243478260869565,,0.02993035952051924
674,San Francisco-Arkansas Street,2020-03-20,0.029581818181818185,,0.02993035952051924
675,Vallejo-304 Tuolumne Street,2020-03-20,0.024718181818181827,,0.02993035952051924
676,San Rafael,2020-03-20,0.027136363636363636,,0.02993035952051924
677,Concord-2956-A Treat Blvd,2020-03-20,0.024260869565217395,,0.02993035952051924
678,Oakland-9925 International Blvd,2020-03-20,0.023017391304347826,,0.02993035952051924
679,Livermore-793 Rincon Avenue,2020-03-20,0.020508695652173912,,0.02993035952051924
680,San Jose-Jackson Street,2020-03-20,0.02620454545454546,,0.02993035952051924
681,San Pablo-Rumrill Blvd,2020-03-20,0.024973913043478256,,0.02993035952051924
682,Oakland-West,2020-03-20,0.025327272727272723,,0.02993035952051924
683,Sebastopol-103 Morris Street            ,2020-03-20,0.024278260869565218,,0.02993035952051924
684,Berkeley-Aquatic Park                   ,2020-03-20,0.02034347826086957,,0.02993035952051924
685,Napa-Valley College,2020-03-20,0.025799999999999997,,0.02993035952051924
686,Redwood City,2020-03-21,0.02573478260869565,,0.02993035952051924
687,Gilroy-9th Street,2020-03-21,0.02471739130434783,,0.02993035952051924
688,San Francisco-Arkansas Street,2020-03-21,0.028517391304347828,,0.02993035952051924
689,Vallejo-304 Tuolumne Street,2020-03-21,0.02285652173913043,,0.02993035952051924
690,San Rafael,2020-03-21,0.026043478260869567,,0.02993035952051924
691,Concord-2956-A Treat Blvd,2020-03-21,0.023700000000000006,,0.02993035952051924
692,Oakland-9925 International Blvd,2020-03-21,0.024965217391304344,,0.02993035952051924
693,Livermore-793 Rincon Avenue,2020-03-21,0.019408695652173912,,0.02993035952051924
694,San Jose-Jackson Street,2020-03-21,0.0235,,0.02993035952051924
695,San Pablo-Rumrill Blvd,2020-03-21,0.02548260869565217,,0.02993035952051924
696,Oakland-West,2020-03-21,0.025617391304347828,,0.02993035952051924
697,Sebastopol-103 Morris Street            ,2020-03-21,0.02682173913043478,,0.02993035952051924
698,Berkeley-Aquatic Park                   ,2020-03-21,0.022713043478260867,,0.02993035952051924
699,Napa-Valley College,2020-03-21,0.02815217391304348,,0.02993035952051924
700,Redwood City,2020-03-22,0.02204782608695652,,0.02993035952051924
701,Gilroy-9th Street,2020-03-22,0.022030434782608698,,0.02993035952051924
702,San Francisco-Arkansas Street,2020-03-22,0.02773913043478261,,0.02993035952051924
703,Vallejo-304 Tuolumne Street,2020-03-22,0.027473913043478262,,0.02993035952051924
704,San Rafael,2020-03-22,0.031156521739130437,,0.02993035952051924
705,Concord-2956-A Treat Blvd,2020-03-22,0.025256521739130428,,0.02993035952051924
706,Oakland-9925 International Blvd,2020-03-22,0.022773913043478262,,0.02993035952051924
707,Livermore-793 Rincon Avenue,2020-03-22,0.024182608695652176,,0.02993035952051924
708,San Jose-Jackson Street,2020-03-22,0.019159090909090907,,0.02993035952051924
709,San Pablo-Rumrill Blvd,2020-03-22,0.03100454545454546,,0.02993035952051924
710,Oakland-West,2020-03-22,0.02332608695652174,,0.02993035952051924
711,Sebastopol-103 Morris Street            ,2020-03-22,0.027247826086956518,,0.02993035952051924
712,Berkeley-Aquatic Park                   ,2020-03-22,0.023443478260869566,,0.02993035952051924
713,Napa-Valley College,2020-03-22,0.029047826086956517,,0.02993035952051924
714,Redwood City,2020-03-23,0.031304347826086966,,0.02993035952051924
715,Gilroy-9th Street,2020-03-23,0.03228695652173913,,0.02993035952051924
716,San Francisco-Arkansas Street,2020-03-23,0.040578260869565216,,0.02993035952051924
717,Vallejo-304 Tuolumne Street,2020-03-23,0.037917391304347826,,0.02993035952051924
718,San Rafael,2020-03-23,0.03476521739130434,,0.02993035952051924
719,Concord-2956-A Treat Blvd,2020-03-23,0.03632272727272728,,0.02993035952051924
720,Oakland-9925 International Blvd,2020-03-23,0.03470000000000001,,0.02993035952051924
721,Livermore-793 Rincon Avenue,2020-03-23,0.03123478260869565,,0.02993035952051924
722,San Jose-Jackson Street,2020-03-23,0.02886363636363636,,0.02993035952051924
723,San Pablo-Rumrill Blvd,2020-03-23,0.03769565217391304,,0.02993035952051924
724,Oakland-West,2020-03-23,0.03510909090909091,,0.02993035952051924
725,Sebastopol-103 Morris Street            ,2020-03-23,0.02697826086956522,,0.02993035952051924
726,Berkeley-Aquatic Park                   ,2020-03-23,0.033717391304347824,,0.02993035952051924
727,Napa-Valley College,2020-03-23,0.030965217391304357,,0.02993035952051924
728,Redwood City,2020-03-24,0.03243478260869565,,0.02993035952051924
729,Gilroy-9th Street,2020-03-24,0.0351086956521739,,0.02993035952051924
730,San Francisco-Arkansas Street,2020-03-24,0.041013043478260854,,0.02993035952051924
731,Vallejo-304 Tuolumne Street,2020-03-24,0.03552173913043478,,0.02993035952051924
732,San Rafael,2020-03-24,0.030547826086956525,,0.02993035952051924
733,Concord-2956-A Treat Blvd,2020-03-24,0.03374347826086956,,0.02993035952051924
734,Oakland-9925 International Blvd,2020-03-24,0.0331304347826087,,0.02993035952051924
735,Livermore-793 Rincon Avenue,2020-03-24,0.03672173913043478,,0.02993035952051924
736,San Jose-Jackson Street,2020-03-24,0.03390454545454545,,0.02993035952051924
737,San Pablo-Rumrill Blvd,2020-03-24,0.038000000000000006,,0.02993035952051924
738,Oakland-West,2020-03-24,0.03819565217391303,,0.02993035952051924
739,Sebastopol-103 Morris Street            ,2020-03-24,0.03205652173913044,,0.02993035952051924
740,Berkeley-Aquatic Park                   ,2020-03-24,0.03430869565217391,,0.02993035952051924
741,Napa-Valley College,2020-03-24,0.03145652173913044,,0.02993035952051924
742,Redwood City,2020-03-25,0.029526086956521737,,0.02993035952051924
743,Gilroy-9th Street,2020-03-25,0.024843478260869568,,0.02993035952051924
744,San Francisco-Arkansas Street,2020-03-25,0.034978260869565216,,0.02993035952051924
745,Vallejo-304 Tuolumne Street,2020-03-25,0.029621739130434782,,0.02993035952051924
746,San Rafael,2020-03-25,0.02933913043478261,,0.02993035952051924
747,Concord-2956-A Treat Blvd,2020-03-25,0.0297391304347826,,0.02993035952051924
748,Oakland-9925 International Blvd,2020-03-25,0.02662173913043478,,0.02993035952051924
749,Livermore-793 Rincon Avenue,2020-03-25,0.03226086956521739,,0.02993035952051924
750,San Jose-Jackson Street,2020-03-25,0.030045454545454542,,0.02993035952051924
751,San Pablo-Rumrill Blvd,2020-03-25,0.030069565217391302,,0.02993035952051924
752,Oakland-West,2020-03-25,0.030956521739130435,,0.02993035952051924
753,Sebastopol-103 Morris Street            ,2020-03-25,0.02080869565217391,,0.02993035952051924
754,Berkeley-Aquatic Park                   ,2020-03-25,0.026165217391304348,,0.02993035952051924
755,Napa-Valley College,2020-03-25,0.02556956521739131,,0.02993035952051924
756,Redwood City,2020-03-26,0.029276190476190476,,0.02993035952051924
757,Gilroy-9th Street,2020-03-26,0.0226,,0.02993035952051924
758,San Francisco-Arkansas Street,2020-03-26,0.03059130434782609,,0.02993035952051924
759,Vallejo-304 Tuolumne Street,2020-03-26,0.02476521739130435,,0.02993035952051924
760,San Rafael,2020-03-26,0.027821739130434783,,0.02993035952051924
761,Concord-2956-A Treat Blvd,2020-03-26,0.027756521739130433,,0.02993035952051924
762,Oakland-9925 International Blvd,2020-03-26,0.022269565217391308,,0.02993035952051924
763,Livermore-793 Rincon Avenue,2020-03-26,0.02560434782608696,,0.02993035952051924
764,San Jose-Jackson Street,2020-03-26,0.027627272727272733,,0.02993035952051924
765,San Pablo-Rumrill Blvd,2020-03-26,0.026731818181818186,,0.02993035952051924
766,Oakland-West,2020-03-26,0.026543478260869568,,0.02993035952051924
767,Sebastopol-103 Morris Street            ,2020-03-26,0.020156521739130434,,0.02993035952051924
768,Berkeley-Aquatic Park                   ,2020-03-26,0.024595652173913043,,0.02993035952051924
769,Napa-Valley College,2020-03-26,0.022540909090909094,,0.02993035952051924
770,Redwood City,2020-03-27,0.04050909090909091,,0.02993035952051924
771,Gilroy-9th Street,2020-03-27,0.024200000000000003,,0.02993035952051924
772,San Francisco-Arkansas Street,2020-03-27,0.04393636363636364,,0.02993035952051924
773,Vallejo-304 Tuolumne Street,2020-03-27,0.04116818181818182,,0.02993035952051924
774,San Rafael,2020-03-27,0.040350000000000004,,0.02993035952051924
775,Concord-2956-A Treat Blvd,2020-03-27,0.036886956521739137,,0.02993035952051924
776,Oakland-9925 International Blvd,2020-03-27,0.03318260869565217,,0.02993035952051924
777,Livermore-793 Rincon Avenue,2020-03-27,0.039108695652173904,,0.02993035952051924
778,San Jose-Jackson Street,2020-03-27,0.031459090909090916,,0.02993035952051924
779,San Pablo-Rumrill Blvd,2020-03-27,0.03802105263157895,,0.02993035952051924
780,Oakland-West,2020-03-27,0.03895454545454546,,0.02993035952051924
781,Sebastopol-103 Morris Street            ,2020-03-27,0.029208695652173922,,0.02993035952051924
782,Berkeley-Aquatic Park                   ,2020-03-27,0.03682608695652174,,0.02993035952051924
783,Napa-Valley College,2020-03-27,0.03064347826086956,,0.02993035952051924
784,Redwood City,2020-03-28,0.03442608695652173,,0.02993035952051924
785,Gilroy-9th Street,2020-03-28,0.028286956521739133,,0.02993035952051924
786,San Francisco-Arkansas Street,2020-03-28,0.04159565217391304,,0.02993035952051924
787,Vallejo-304 Tuolumne Street,2020-03-28,0.03860434782608696,,0.02993035952051924
788,San Rafael,2020-03-28,0.031708695652173914,,0.02993035952051924
789,Concord-2956-A Treat Blvd,2020-03-28,0.03803043478260869,,0.02993035952051924
790,Oakland-9925 International Blvd,2020-03-28,0.034456521739130434,,0.02993035952051924
791,Livermore-793 Rincon Avenue,2020-03-28,0.03728260869565218,,0.02993035952051924
792,San Jose-Jackson Street,2020-03-28,0.03403181818181817,,0.02993035952051924
793,San Pablo-Rumrill Blvd,2020-03-28,0.03830000000000001,,0.02993035952051924
794,Oakland-West,2020-03-28,0.04020434782608695,,0.02993035952051924
795,Sebastopol-103 Morris Street            ,2020-03-28,0.031530434782608696,,0.02993035952051924
796,Berkeley-Aquatic Park                   ,2020-03-28,0.037382608695652186,,0.02993035952051924
797,Napa-Valley College,2020-03-28,0.0328391304347826,,0.02993035952051924
798,Redwood City,2020-03-29,0.03183913043478261,,0.02993035952051924
799,Gilroy-9th Street,2020-03-29,0.03348695652173913,,0.02993035952051924
800,San Francisco-Arkansas Street,2020-03-29,0.03752608695652174,,0.02993035952051924
801,Vallejo-304 Tuolumne Street,2020-03-29,0.036195652173913045,,0.02993035952051924
802,San Rafael,2020-03-29,0.03357826086956521,,0.02993035952051924
803,Concord-2956-A Treat Blvd,2020-03-29,0.03365652173913043,,0.02993035952051924
804,Oakland-9925 International Blvd,2020-03-29,0.03440434782608696,,0.02993035952051924
805,Livermore-793 Rincon Avenue,2020-03-29,0.03335217391304347,,0.02993035952051924
806,San Jose-Jackson Street,2020-03-29,0.03700454545454545,,0.02993035952051924
807,San Pablo-Rumrill Blvd,2020-03-29,0.03854782608695652,,0.02993035952051924
808,Oakland-West,2020-03-29,0.03756086956521739,,0.02993035952051924
809,Sebastopol-103 Morris Street            ,2020-03-29,0.029730434782608704,,0.02993035952051924
810,Berkeley-Aquatic Park                   ,2020-03-29,0.03631304347826088,,0.02993035952051924
811,Napa-Valley College,2020-03-29,0.01435,,0.02993035952051924
812,Redwood City,2020-03-30,0.025400000000000002,,0.02993035952051924
813,Gilroy-9th Street,2020-03-30,0.026573913043478253,,0.02993035952051924
814,San Francisco-Arkansas Street,2020-03-30,0.03087826086956521,,0.02993035952051924
815,Vallejo-304 Tuolumne Street,2020-03-30,0.03376521739130434,,0.02993035952051924
816,San Rafael,2020-03-30,0.024956521739130436,,0.02993035952051924
817,Concord-2956-A Treat Blvd,2020-03-30,0.02881304347826087,,0.02993035952051924
818,Oakland-9925 International Blvd,2020-03-30,0.02818695652173913,,0.02993035952051924
819,Livermore-793 Rincon Avenue,2020-03-30,0.031969565217391305,,0.02993035952051924
820,San Jose-Jackson Street,2020-03-30,0.030781818181818188,,0.02993035952051924
821,San Pablo-Rumrill Blvd,2020-03-30,0.02913181818181818,,0.02993035952051924
822,Oakland-West,2020-03-30,0.03007391304347826,,0.02993035952051924
823,Sebastopol-103 Morris Street            ,2020-03-30,0.022073913043478263,,0.02993035952051924
824,Berkeley-Aquatic Park                   ,2020-03-30,0.025595652173913047,,0.02993035952051924
825,Napa-Valley College,2020-03-30,0.030507142857142854,,0.02993035952051924
826,Redwood City,2020-03-31,0.022004347826086956,,0.02993035952051924
827,Gilroy-9th Street,2020-03-31,0.025756521739130428,,0.02993035952051924
828,San Francisco-Arkansas Street,2020-03-31,0.026908695652173912,,0.02993035952051924
829,Vallejo-304 Tuolumne Street,2020-03-31,0.027295652173913044,,0.02993035952051924
830,San Rafael,2020-03-31,0.021878260869565222,,0.02993035952051924
831,Concord-2956-A Treat Blvd,2020-03-31,0.024052173913043484,,0.02993035952051924
832,Oakland-9925 International Blvd,2020-03-31,0.01868260869565217,,0.02993035952051924
833,Livermore-793 Rincon Avenue,2020-03-31,0.022326086956521742,,0.02993035952051924
834,San Jose-Jackson Street,2020-03-31,0.024404545454545457,,0.02993035952051924
835,San Pablo-Rumrill Blvd,2020-03-31,0.02094782608695652,,0.02993035952051924
836,Oakland-West,2020-03-31,0.02161304347826087,,0.02993035952051924
837,Sebastopol-103 Morris Street            ,2020-03-31,0.01942173913043478,,0.02993035952051924
838,Berkeley-Aquatic Park                   ,2020-03-31,0.020065217391304343,,0.02993035952051924
839,Napa-Valley College,2020-03-31,0.022830434782608697,,0.02993035952051924
840,Redwood City,2020-04-01,0.03636521739130434,,0.02993035952051924
841,Gilroy-9th Street,2020-04-01,0.03535217391304347,,0.02993035952051924
842,San Francisco-Arkansas Street,2020-04-01,0.034282608695652174,,0.02993035952051924
843,Vallejo-304 Tuolumne Street,2020-04-01,0.033143478260869566,,0.02993035952051924
844,San Rafael,2020-04-01,0.03564347826086957,,0.02993035952051924
845,Concord-2956-A Treat Blvd,2020-04-01,0.031621739130434784,,0.02993035952051924
846,Oakland-9925 International Blvd,2020-04-01,0.026543478260869568,,0.02993035952051924
847,Livermore-793 Rincon Avenue,2020-04-01,0.033786956521739124,,0.02993035952051924
848,San Jose-Jackson Street,2020-04-01,0.03515909090909091,,0.02993035952051924
849,San Pablo-Rumrill Blvd,2020-04-01,0.03353181818181818,,0.02993035952051924
850,Oakland-West,2020-04-01,0.036204347826086954,,0.02993035952051924
851,Sebastopol-103 Morris Street            ,2020-04-01,0.026006249999999995,,0.02993035952051924
852,Berkeley-Aquatic Park                   ,2020-04-01,0.028368421052631588,,0.02993035952051924
853,Napa-Valley College,2020-04-01,0.028795238095238103,,0.02993035952051924
854,Redwood City,2020-04-02,0.025904347826086957,,0.02993035952051924
855,Gilroy-9th Street,2020-04-02,0.028300000000000002,,0.02993035952051924
856,San Francisco-Arkansas Street,2020-04-02,0.027034782608695653,,0.02993035952051924
857,Vallejo-304 Tuolumne Street,2020-04-02,0.025934782608695653,,0.02993035952051924
858,San Rafael,2020-04-02,0.029047826086956524,,0.02993035952051924
859,Concord-2956-A Treat Blvd,2020-04-02,0.027426086956521732,,0.02993035952051924
860,Oakland-9925 International Blvd,2020-04-02,0.02230869565217391,,0.02993035952051924
861,Livermore-793 Rincon Avenue,2020-04-02,0.027408695652173912,,0.02993035952051924
862,San Jose-Jackson Street,2020-04-02,0.02517727272727273,,0.02993035952051924
863,San Pablo-Rumrill Blvd,2020-04-02,0.03308695652173913,,0.02993035952051924
864,Oakland-West,2020-04-02,0.028204347826086953,,0.02993035952051924
865,Sebastopol-103 Morris Street            ,2020-04-02,0.024445454545454548,,0.02993035952051924
866,Berkeley-Aquatic Park                   ,2020-04-02,0.025552173913043482,,0.02993035952051924
867,Napa-Valley College,2020-04-02,0.030213043478260867,,0.02993035952051924
868,Redwood City,2020-04-03,0.028354545454545455,,0.02993035952051924
869,Gilroy-9th Street,2020-04-03,0.025247619047619047,,0.02993035952051924
870,San Francisco-Arkansas Street,2020-04-03,0.03118181818181818,,0.02993035952051924
871,Vallejo-304 Tuolumne Street,2020-04-03,0.030850000000000002,,0.02993035952051924
872,San Rafael,2020-04-03,0.03162727272727273,,0.02993035952051924
873,Concord-2956-A Treat Blvd,2020-04-03,0.0282695652173913,,0.02993035952051924
874,Oakland-9925 International Blvd,2020-04-03,0.023721739130434783,,0.02993035952051924
875,Livermore-793 Rincon Avenue,2020-04-03,0.029239130434782608,,0.02993035952051924
876,San Jose-Jackson Street,2020-04-03,0.02635,,0.02993035952051924
877,San Pablo-Rumrill Blvd,2020-04-03,0.029891304347826088,,0.02993035952051924
878,Oakland-West,2020-04-03,0.024277272727272727,,0.02993035952051924
879,Sebastopol-103 Morris Street            ,2020-04-03,0.022865217391304343,,0.02993035952051924
880,Berkeley-Aquatic Park                   ,2020-04-03,0.022000000000000002,,0.02993035952051924
881,Napa-Valley College,2020-04-03,0.025408695652173914,,0.02993035952051924
882,Redwood City,2020-04-04,0.026078260869565214,,0.02993035952051924
883,Gilroy-9th Street,2020-04-04,0.023047826086956522,,0.02993035952051924
884,San Francisco-Arkansas Street,2020-04-04,0.03234782608695652,,0.02993035952051924
885,Vallejo-304 Tuolumne Street,2020-04-04,0.03078695652173913,,0.02993035952051924
886,San Rafael,2020-04-04,0.03104347826086957,,0.02993035952051924
887,Concord-2956-A Treat Blvd,2020-04-04,0.029165217391304347,,0.02993035952051924
888,Oakland-9925 International Blvd,2020-04-04,0.028300000000000002,,0.02993035952051924
889,Livermore-793 Rincon Avenue,2020-04-04,0.029478260869565214,,0.02993035952051924
890,San Jose-Jackson Street,2020-04-04,0.021518181818181818,,0.02993035952051924
891,San Pablo-Rumrill Blvd,2020-04-04,0.031243478260869567,,0.02993035952051924
892,Oakland-West,2020-04-04,0.02787391304347826,,0.02993035952051924
893,Sebastopol-103 Morris Street            ,2020-04-04,0.023865217391304344,,0.02993035952051924
894,Berkeley-Aquatic Park                   ,2020-04-04,0.027499999999999997,,0.02993035952051924
895,Napa-Valley College,2020-04-04,0.024900000000000005,,0.02993035952051924
896,Redwood City,2020-04-05,0.030417391304347827,,0.02993035952051924
897,Gilroy-9th Street,2020-04-05,0.028686956521739134,,0.02993035952051924
898,San Francisco-Arkansas Street,2020-04-05,0.03753478260869565,,0.02993035952051924
899,Vallejo-304 Tuolumne Street,2020-04-05,0.03580869565217392,,0.02993035952051924
900,San Rafael,2020-04-05,0.035265217391304345,,0.02993035952051924
901,Concord-2956-A Treat Blvd,2020-04-05,0.03089130434782609,,0.02993035952051924
902,Oakland-9925 International Blvd,2020-04-05,0.02973913043478261,,0.02993035952051924
903,Livermore-793 Rincon Avenue,2020-04-05,0.030556521739130444,,0.02993035952051924
904,San Jose-Jackson Street,2020-04-05,0.026390909090909086,,0.02993035952051924
905,San Pablo-Rumrill Blvd,2020-04-05,0.03630454545454545,,0.02993035952051924
906,Oakland-West,2020-04-05,0.0354695652173913,,0.02993035952051924
907,Sebastopol-103 Morris Street            ,2020-04-05,0.037104347826086966,,0.02993035952051924
908,Berkeley-Aquatic Park                   ,2020-04-05,0.0335304347826087,,0.02993035952051924
909,Napa-Valley College,2020-04-05,0.036204347826086954,,0.02993035952051924
910,Redwood City,2020-04-06,0.01861739130434783,,0.02993035952051924
911,Gilroy-9th Street,2020-04-06,0.02962173913043478,,0.02993035952051924
912,San Francisco-Arkansas Street,2020-04-06,0.025613043478260874,,0.02993035952051924
913,Vallejo-304 Tuolumne Street,2020-04-06,0.023382608695652167,,0.02993035952051924
914,San Rafael,2020-04-06,0.02232173913043478,,0.02993035952051924
915,Concord-2956-A Treat Blvd,2020-04-06,0.02123913043478261,,0.02993035952051924
916,Oakland-9925 International Blvd,2020-04-06,0.020686956521739127,,0.02993035952051924
917,Livermore-793 Rincon Avenue,2020-04-06,0.02453913043478261,,0.02993035952051924
918,San Jose-Jackson Street,2020-04-06,0.023895454545454543,,0.02993035952051924
919,San Pablo-Rumrill Blvd,2020-04-06,0.023026086956521738,,0.02993035952051924
920,Oakland-West,2020-04-06,0.018860869565217396,,0.02993035952051924
921,Sebastopol-103 Morris Street            ,2020-04-06,0.023747826086956518,,0.02993035952051924
922,Berkeley-Aquatic Park                   ,2020-04-06,0.02016086956521739,,0.02993035952051924
923,Napa-Valley College,2020-04-06,0.024304347826086963,,0.02993035952051924
924,Redwood City,2020-04-07,0.026982608695652176,,0.02993035952051924
925,Gilroy-9th Street,2020-04-07,0.02671739130434783,,0.02993035952051924
926,San Francisco-Arkansas Street,2020-04-07,0.029065217391304347,,0.02993035952051924
927,Vallejo-304 Tuolumne Street,2020-04-07,0.02566086956521739,,0.02993035952051924
928,San Rafael,2020-04-07,0.027713043478260868,,0.02993035952051924
929,Concord-2956-A Treat Blvd,2020-04-07,0.028156521739130434,,0.02993035952051924
930,Oakland-9925 International Blvd,2020-04-07,0.023439130434782605,,0.02993035952051924
931,Livermore-793 Rincon Avenue,2020-04-07,0.028173913043478268,,0.02993035952051924
932,San Jose-Jackson Street,2020-04-07,0.027139999999999997,,0.02993035952051924
933,San Pablo-Rumrill Blvd,2020-04-07,0.027691304347826087,,0.02993035952051924
934,Oakland-West,2020-04-07,0.025649999999999996,,0.02993035952051924
935,Sebastopol-103 Morris Street            ,2020-04-07,0.025717391304347827,,0.02993035952051924
936,Berkeley-Aquatic Park                   ,2020-04-07,0.02074782608695652,,0.02993035952051924
937,Napa-Valley College,2020-04-07,0.024772727272727276,,0.02993035952051924
938,Redwood City,2020-04-08,0.0277304347826087,,0.02993035952051924
939,Gilroy-9th Street,2020-04-08,0.028865217391304356,,0.02993035952051924
940,San Francisco-Arkansas Street,2020-04-08,0.03310869565217391,,0.02993035952051924
941,Vallejo-304 Tuolumne Street,2020-04-08,0.02856521739130435,,0.02993035952051924
942,San Rafael,2020-04-08,0.02581739130434783,,0.02993035952051924
943,Concord-2956-A Treat Blvd,2020-04-08,0.02954347826086957,,0.02993035952051924
944,Oakland-9925 International Blvd,2020-04-08,0.027547826086956523,,0.02993035952051924
945,Livermore-793 Rincon Avenue,2020-04-08,0.028782608695652176,,0.02993035952051924
946,San Jose-Jackson Street,2020-04-08,0.027109090909090906,,0.02993035952051924
947,San Pablo-Rumrill Blvd,2020-04-08,0.03094782608695652,,0.02993035952051924
948,Oakland-West,2020-04-08,0.028713043478260866,,0.02993035952051924
949,Sebastopol-103 Morris Street            ,2020-04-08,0.023439130434782608,,0.02993035952051924
950,Berkeley-Aquatic Park                   ,2020-04-08,0.025673913043478262,,0.02993035952051924
951,Napa-Valley College,2020-04-08,0.027530434782608696,,0.02993035952051924
952,Redwood City,2020-04-09,0.03116666666666667,,0.02993035952051924
953,Gilroy-9th Street,2020-04-09,0.031365217391304344,,0.02993035952051924
954,San Francisco-Arkansas Street,2020-04-09,0.03381304347826087,,0.02993035952051924
955,Vallejo-304 Tuolumne Street,2020-04-09,0.03049565217391304,,0.02993035952051924
956,San Rafael,2020-04-09,0.03135217391304348,,0.02993035952051924
957,Concord-2956-A Treat Blvd,2020-04-09,0.028443478260869567,,0.02993035952051924
958,Oakland-9925 International Blvd,2020-04-09,0.03018260869565217,,0.02993035952051924
959,Livermore-793 Rincon Avenue,2020-04-09,0.02670869565217391,,0.02993035952051924
960,San Jose-Jackson Street,2020-04-09,0.031209090909090905,,0.02993035952051924
961,San Pablo-Rumrill Blvd,2020-04-09,0.030868181818181815,,0.02993035952051924
962,Oakland-West,2020-04-09,0.03194782608695652,,0.02993035952051924
963,Sebastopol-103 Morris Street            ,2020-04-09,0.031113043478260872,,0.02993035952051924
964,Berkeley-Aquatic Park                   ,2020-04-09,0.029982608695652172,,0.02993035952051924
965,Napa-Valley College,2020-04-09,0.03118260869565217,,0.02993035952051924
966,Redwood City,2020-04-10,0.03489545454545454,,0.02993035952051924
967,Gilroy-9th Street,2020-04-10,0.029313043478260865,,0.02993035952051924
968,San Francisco-Arkansas Street,2020-04-10,0.03491818181818182,,0.02993035952051924
969,Vallejo-304 Tuolumne Street,2020-04-10,0.03437272727272727,,0.02993035952051924
970,San Rafael,2020-04-10,0.03150454545454545,,0.02993035952051924
971,Concord-2956-A Treat Blvd,2020-04-10,0.03193478260869566,,0.02993035952051924
972,Oakland-9925 International Blvd,2020-04-10,0.03134782608695653,,0.02993035952051924
973,Livermore-793 Rincon Avenue,2020-04-10,0.033360869565217395,,0.02993035952051924
974,San Jose-Jackson Street,2020-04-10,0.03600588235294117,,0.02993035952051924
975,San Pablo-Rumrill Blvd,2020-04-10,0.031130434782608695,,0.02993035952051924
976,Oakland-West,2020-04-10,0.03442272727272727,,0.02993035952051924
977,Sebastopol-103 Morris Street            ,2020-04-10,0.029108695652173912,,0.02993035952051924
978,Berkeley-Aquatic Park                   ,2020-04-10,0.02761304347826087,,0.02993035952051924
979,Napa-Valley College,2020-04-10,0.030178260869565213,,0.02993035952051924
980,Redwood City,2020-04-11,0.03265652173913043,,0.02993035952051924
981,Gilroy-9th Street,2020-04-11,0.029356521739130437,,0.02993035952051924
982,San Francisco-Arkansas Street,2020-04-11,0.03482608695652173,,0.02993035952051924
983,Vallejo-304 Tuolumne Street,2020-04-11,0.03249130434782608,,0.02993035952051924
984,San Rafael,2020-04-11,0.02969565217391304,,0.02993035952051924
985,Concord-2956-A Treat Blvd,2020-04-11,0.03196521739130435,,0.02993035952051924
986,Oakland-9925 International Blvd,2020-04-11,0.03268695652173913,,0.02993035952051924
987,Livermore-793 Rincon Avenue,2020-04-11,0.033082608695652174,,0.02993035952051924
988,San Jose-Jackson Street,2020-04-11,0.032200000000000006,,0.02993035952051924
989,San Pablo-Rumrill Blvd,2020-04-11,0.03245454545454545,,0.02993035952051924
990,Oakland-West,2020-04-11,0.03270434782608696,,0.02993035952051924
991,Sebastopol-103 Morris Street            ,2020-04-11,0.02309130434782609,,0.02993035952051924
992,Berkeley-Aquatic Park                   ,2020-04-11,0.030400000000000003,,0.02993035952051924
993,Napa-Valley College,2020-04-11,0.0283695652173913,,0.02993035952051924
994,Redwood City,2020-04-12,0.0269391304347826,,0.02993035952051924
995,Gilroy-9th Street,2020-04-12,0.030613043478260868,,0.02993035952051924
996,San Francisco-Arkansas Street,2020-04-12,0.037847826086956526,,0.02993035952051924
997,Vallejo-304 Tuolumne Street,2020-04-12,0.03744782608695653,,0.02993035952051924
998,San Rafael,2020-04-12,0.031204347826086963,,0.02993035952051924
999,Concord-2956-A Treat Blvd,2020-04-12,0.03492608695652173,,0.02993035952051924
1000,Oakland-9925 International Blvd,2020-04-12,0.03615652173913044,,0.02993035952051924
1001,Livermore-793 Rincon Avenue,2020-04-12,0.03345652173913043,,0.02993035952051924
1002,San Jose-Jackson Street,2020-04-12,0.028081818181818183,,0.02993035952051924
1003,San Pablo-Rumrill Blvd,2020-04-12,0.037639130434782606,,0.02993035952051924
1004,Oakland-West,2020-04-12,0.036682608695652166,,0.02993035952051924
1005,Sebastopol-103 Morris Street            ,2020-04-12,0.024895652173913044,,0.02993035952051924
1006,Berkeley-Aquatic Park                   ,2020-04-12,0.03424782608695653,,0.02993035952051924
1007,Napa-Valley College,2020-04-12,0.03140434782608696,,0.02993035952051924
1008,Redwood City,2020-04-13,0.03246086956521739,,0.02993035952051924
1009,Gilroy-9th Street,2020-04-13,0.03287391304347825,,0.02993035952051924
1010,San Francisco-Arkansas Street,2020-04-13,0.039999999999999994,,0.02993035952051924
1011,Vallejo-304 Tuolumne Street,2020-04-13,0.0398,,0.02993035952051924
1012,San Rafael,2020-04-13,0.028765217391304346,,0.02993035952051924
1013,Concord-2956-A Treat Blvd,2020-04-13,0.03921739130434783,,0.02993035952051924
1014,Oakland-9925 International Blvd,2020-04-13,0.035569565217391304,,0.02993035952051924
1015,Livermore-793 Rincon Avenue,2020-04-13,0.037869565217391314,,0.02993035952051924
1016,San Jose-Jackson Street,2020-04-13,0.03430454545454545,,0.02993035952051924
1017,San Pablo-Rumrill Blvd,2020-04-13,0.03782272727272728,,0.02993035952051924
1018,Oakland-West,2020-04-13,0.038482608695652176,,0.02993035952051924
1019,Sebastopol-103 Morris Street            ,2020-04-13,0.02933043478260869,,0.02993035952051924
1020,Berkeley-Aquatic Park                   ,2020-04-13,0.034321739130434785,,0.02993035952051924
1021,Napa-Valley College,2020-04-13,0.03271818181818182,,0.02993035952051924
1022,Redwood City,2020-04-14,0.03275652173913044,,0.02993035952051924
1023,Gilroy-9th Street,2020-04-14,0.028304347826086956,,0.02993035952051924
1024,San Francisco-Arkansas Street,2020-04-14,0.03447142857142857,,0.02993035952051924
1025,Vallejo-304 Tuolumne Street,2020-04-14,0.029334782608695657,,0.02993035952051924
1026,San Rafael,2020-04-14,0.031534782608695654,,0.02993035952051924
1027,Concord-2956-A Treat Blvd,2020-04-14,0.036378260869565214,,0.02993035952051924
1028,Oakland-9925 International Blvd,2020-04-14,0.02593913043478261,,0.02993035952051924
1029,Livermore-793 Rincon Avenue,2020-04-14,0.030869565217391304,,0.02993035952051924
1030,San Jose-Jackson Street,2020-04-14,0.031540909090909085,,0.02993035952051924
1031,San Pablo-Rumrill Blvd,2020-04-14,0.03412608695652174,,0.02993035952051924
1032,Oakland-West,2020-04-14,0.027391304347826086,,0.02993035952051924
1033,Sebastopol-103 Morris Street            ,2020-04-14,0.02954782608695652,,0.02993035952051924
1034,Berkeley-Aquatic Park                   ,2020-04-14,0.02482173913043478,,0.02993035952051924
1035,Napa-Valley College,2020-04-14,0.03366086956521739,,0.02993035952051924
1036,Redwood City,2020-04-15,0.029486956521739126,,0.02993035952051924
1037,Gilroy-9th Street,2020-04-15,0.030630434782608695,,0.02993035952051924
1038,San Francisco-Arkansas Street,2020-04-15,0.027856521739130443,,0.02993035952051924
1039,Vallejo-304 Tuolumne Street,2020-04-15,0.029300000000000003,,0.02993035952051924
1040,San Rafael,2020-04-15,0.027626086956521734,,0.02993035952051924
1041,Concord-2956-A Treat Blvd,2020-04-15,0.035495652173913046,,0.02993035952051924
1042,Oakland-9925 International Blvd,2020-04-15,0.026713043478260867,,0.02993035952051924
1043,Livermore-793 Rincon Avenue,2020-04-15,0.030582608695652175,,0.02993035952051924
1044,San Jose-Jackson Street,2020-04-15,0.034077272727272734,,0.02993035952051924
1045,San Pablo-Rumrill Blvd,2020-04-15,0.03063636363636364,,0.02993035952051924
1046,Oakland-West,2020-04-15,0.024499999999999994,,0.02993035952051924
1047,Sebastopol-103 Morris Street            ,2020-04-15,0.024034782608695654,,0.02993035952051924
1048,Berkeley-Aquatic Park                   ,2020-04-15,0.022930434782608696,,0.02993035952051924
1049,Napa-Valley College,2020-04-15,0.03310869565217391,,0.02993035952051924
1050,Redwood City,2020-04-16,0.023613043478260872,,0.02993035952051924
1051,Gilroy-9th Street,2020-04-16,0.02338260869565217,,0.02993035952051924
1052,San Francisco-Arkansas Street,2020-04-16,0.026713043478260867,,0.02993035952051924
1053,Vallejo-304 Tuolumne Street,2020-04-16,0.026778260869565217,,0.02993035952051924
1054,San Rafael,2020-04-16,0.023852173913043482,,0.02993035952051924
1055,Concord-2956-A Treat Blvd,2020-04-16,0.027065217391304346,,0.02993035952051924
1056,Oakland-9925 International Blvd,2020-04-16,0.025082608695652178,,0.02993035952051924
1057,Livermore-793 Rincon Avenue,2020-04-16,0.025978260869565225,,0.02993035952051924
1058,San Jose-Jackson Street,2020-04-16,0.02586818181818182,,0.02993035952051924
1059,San Pablo-Rumrill Blvd,2020-04-16,0.027121739130434787,,0.02993035952051924
1060,Oakland-West,2020-04-16,0.025699999999999997,,0.02993035952051924
1061,Sebastopol-103 Morris Street            ,2020-04-16,0.025108695652173912,,0.02993035952051924
1062,Berkeley-Aquatic Park                   ,2020-04-16,0.022008695652173914,,0.02993035952051924
1063,Napa-Valley College,2020-04-16,0.027726086956521744,,0.02993035952051924
1064,Redwood City,2020-04-17,0.03345000000000001,,0.02993035952051924
1065,Gilroy-9th Street,2020-04-17,0.0312608695652174,,0.02993035952051924
1066,San Francisco-Arkansas Street,2020-04-17,0.035890909090909084,,0.02993035952051924
1067,Vallejo-304 Tuolumne Street,2020-04-17,0.03678181818181818,,0.02993035952051924
1068,San Rafael,2020-04-17,0.03570909090909091,,0.02993035952051924
1069,Concord-2956-A Treat Blvd,2020-04-17,0.03302173913043478,,0.02993035952051924
1070,Oakland-9925 International Blvd,2020-04-17,0.033417391304347836,,0.02993035952051924
1071,Livermore-793 Rincon Avenue,2020-04-17,0.031991304347826086,,0.02993035952051924
1072,San Jose-Jackson Street,2020-04-17,0.028981818181818185,,0.02993035952051924
1073,San Pablo-Rumrill Blvd,2020-04-17,0.03535652173913044,,0.02993035952051924
1074,Oakland-West,2020-04-17,0.034295454545454546,,0.02993035952051924
1075,Sebastopol-103 Morris Street            ,2020-04-17,0.03407826086956522,,0.02993035952051924
1076,Berkeley-Aquatic Park                   ,2020-04-17,0.030836363636363637,,0.02993035952051924
1077,Napa-Valley College,2020-04-17,0.03495454545454545,,0.02993035952051924
1078,Redwood City,2020-04-18,0.03833913043478261,,0.02993035952051924
1079,Gilroy-9th Street,2020-04-18,0.03524782608695653,,0.02993035952051924
1080,San Francisco-Arkansas Street,2020-04-18,0.040886956521739126,,0.02993035952051924
1081,Vallejo-304 Tuolumne Street,2020-04-18,0.04089130434782609,,0.02993035952051924
1082,San Rafael,2020-04-18,0.036952173913043486,,0.02993035952051924
1083,Concord-2956-A Treat Blvd,2020-04-18,0.03913043478260869,,0.02993035952051924
1084,Oakland-9925 International Blvd,2020-04-18,0.03814782608695652,,0.02993035952051924
1085,Livermore-793 Rincon Avenue,2020-04-18,0.038660869565217394,,0.02993035952051924
1086,San Jose-Jackson Street,2020-04-18,0.03765454545454545,,0.02993035952051924
1087,San Pablo-Rumrill Blvd,2020-04-18,0.04091739130434782,,0.02993035952051924
1088,Oakland-West,2020-04-18,0.041147826086956524,,0.02993035952051924
1089,Sebastopol-103 Morris Street            ,2020-04-18,0.03316521739130434,,0.02993035952051924
1090,Berkeley-Aquatic Park                   ,2020-04-18,0.03703913043478261,,0.02993035952051924
1091,Napa-Valley College,2020-04-18,0.0399608695652174,,0.02993035952051924
1092,Redwood City,2020-04-19,0.035004347826086954,,0.02993035952051924
1093,Gilroy-9th Street,2020-04-19,0.028913043478260868,,0.02993035952051924
1094,San Francisco-Arkansas Street,2020-04-19,0.0390695652173913,,0.02993035952051924
1095,Vallejo-304 Tuolumne Street,2020-04-19,0.036882608695652165,,0.02993035952051924
1096,San Rafael,2020-04-19,0.030743478260869567,,0.02993035952051924
1097,Concord-2956-A Treat Blvd,2020-04-19,0.036373913043478256,,0.02993035952051924
1098,Oakland-9925 International Blvd,2020-04-19,0.03462608695652174,,0.02993035952051924
1099,Livermore-793 Rincon Avenue,2020-04-19,0.03446086956521739,,0.02993035952051924
1100,San Jose-Jackson Street,2020-04-19,0.032549999999999996,,0.02993035952051924
1101,San Pablo-Rumrill Blvd,2020-04-19,0.03750909090909091,,0.02993035952051924
1102,Oakland-West,2020-04-19,0.03848695652173913,,0.02993035952051924
1103,Sebastopol-103 Morris Street            ,2020-04-19,0.02978260869565218,,0.02993035952051924
1104,Berkeley-Aquatic Park                   ,2020-04-19,0.036352173913043476,,0.02993035952051924
1105,Napa-Valley College,2020-04-19,0.031060869565217388,,0.02993035952051924
1106,Redwood City,2020-04-20,0.03681428571428571,,0.02993035952051924
1107,Gilroy-9th Street,2020-04-20,0.028657142857142857,,0.02993035952051924
1108,San Francisco-Arkansas Street,2020-04-20,0.03928571428571429,,0.02993035952051924
1109,Vallejo-304 Tuolumne Street,2020-04-20,0.03947142857142857,,0.02993035952051924
1110,San Rafael,2020-04-20,0.031014285714285716,,0.02993035952051924
1111,Concord-2956-A Treat Blvd,2020-04-20,0.036942857142857145,,0.02993035952051924
1112,Oakland-9925 International Blvd,2020-04-20,0.03684285714285714,,0.02993035952051924
1113,Livermore-793 Rincon Avenue,2020-04-20,0.038271428571428574,,0.02993035952051924
1114,San Jose-Jackson Street,2020-04-20,0.03528333333333333,,0.02993035952051924
1115,San Pablo-Rumrill Blvd,2020-04-20,0.038471428571428566,,0.02993035952051924
1116,Oakland-West,2020-04-20,0.03978571428571429,,0.02993035952051924
1117,Sebastopol-103 Morris Street            ,2020-04-20,0.017528571428571428,,0.02993035952051924
1118,Berkeley-Aquatic Park                   ,2020-04-20,0.03271428571428572,,0.02993035952051924
1119,Napa-Valley College,2020-04-20,0.028914285714285715,,0.02993035952051924
