,name,date,PM25HR,Pre-Shelter in place mean,Post-Shelter in place mean
0,Redwood City,2020-02-15,10.375,7.576320936264742,
1,Gilroy-9th Street,2020-02-15,10.416666666666666,7.576320936264742,
2,San Francisco-Arkansas Street,2020-02-15,9.041666666666666,7.576320936264742,
3,Vallejo-304 Tuolumne Street,2020-02-15,14.041666666666666,7.576320936264742,
4,San Rafael,2020-02-15,10.041666666666666,7.576320936264742,
5,Concord-2956-A Treat Blvd,2020-02-15,12.208333333333334,7.576320936264742,
6,Oakland-9925 International Blvd,2020-02-15,11.833333333333334,7.576320936264742,
7,Livermore-793 Rincon Avenue,2020-02-15,10.375,7.576320936264742,
8,San Jose-Jackson Street,2020-02-15,11.958333333333334,7.576320936264742,
9,San Pablo-Rumrill Blvd,2020-02-15,13.166666666666666,7.576320936264742,
10,Oakland-West,2020-02-15,10.958333333333334,7.576320936264742,
11,Oakland-Laney College                   ,2020-02-15,12.125,7.576320936264742,
12,Sebastopol-103 Morris Street            ,2020-02-15,9.916666666666666,7.576320936264742,
13,San Jose-Knox Avenue                    ,2020-02-15,13.041666666666666,7.576320936264742,
14,Berkeley-Aquatic Park                   ,2020-02-15,13.869565217391305,7.576320936264742,
15,Napa-Valley College,2020-02-15,11.125,7.576320936264742,
16,Pleasanton-Owens Ct                     ,2020-02-15,11.333333333333334,7.576320936264742,
17,Redwood City,2020-02-16,5.25,7.576320936264742,
18,Gilroy-9th Street,2020-02-16,8.26086956521739,7.576320936264742,
19,San Francisco-Arkansas Street,2020-02-16,6.583333333333333,7.576320936264742,
20,Vallejo-304 Tuolumne Street,2020-02-16,6.458333333333333,7.576320936264742,
21,San Rafael,2020-02-16,6.5,7.576320936264742,
22,Concord-2956-A Treat Blvd,2020-02-16,6.833333333333333,7.576320936264742,
23,Oakland-9925 International Blvd,2020-02-16,7.625,7.576320936264742,
25,San Jose-Jackson Street,2020-02-16,6.666666666666667,7.576320936264742,
26,San Pablo-Rumrill Blvd,2020-02-16,7.125,7.576320936264742,
27,Oakland-West,2020-02-16,4.833333333333333,7.576320936264742,
28,Oakland-Laney College                   ,2020-02-16,7.291666666666667,7.576320936264742,
29,Sebastopol-103 Morris Street            ,2020-02-16,5.75,7.576320936264742,
30,San Jose-Knox Avenue                    ,2020-02-16,9.0,7.576320936264742,
31,Berkeley-Aquatic Park                   ,2020-02-16,8.125,7.576320936264742,
32,Napa-Valley College,2020-02-16,6.666666666666667,7.576320936264742,
33,Pleasanton-Owens Ct                     ,2020-02-16,7.916666666666667,7.576320936264742,
34,Redwood City,2020-02-17,6.083333333333333,7.576320936264742,
35,Gilroy-9th Street,2020-02-17,6.333333333333333,7.576320936264742,
36,San Francisco-Arkansas Street,2020-02-17,9.375,7.576320936264742,
37,Vallejo-304 Tuolumne Street,2020-02-17,8.791666666666666,7.576320936264742,
38,San Rafael,2020-02-17,4.875,7.576320936264742,
39,Concord-2956-A Treat Blvd,2020-02-17,7.583333333333333,7.576320936264742,
40,Oakland-9925 International Blvd,2020-02-17,7.916666666666667,7.576320936264742,
42,San Jose-Jackson Street,2020-02-17,7.291666666666667,7.576320936264742,
43,San Pablo-Rumrill Blvd,2020-02-17,5.041666666666667,7.576320936264742,
44,Oakland-West,2020-02-17,8.0,7.576320936264742,
45,Oakland-Laney College                   ,2020-02-17,5.75,7.576320936264742,
46,Sebastopol-103 Morris Street            ,2020-02-17,4.458333333333333,7.576320936264742,
47,San Jose-Knox Avenue                    ,2020-02-17,8.125,7.576320936264742,
48,Berkeley-Aquatic Park                   ,2020-02-17,8.208333333333334,7.576320936264742,
49,Napa-Valley College,2020-02-17,5.625,7.576320936264742,
50,Pleasanton-Owens Ct                     ,2020-02-17,5.791666666666667,7.576320936264742,
51,Redwood City,2020-02-18,7.947368421052632,7.576320936264742,
52,Gilroy-9th Street,2020-02-18,6.318181818181818,7.576320936264742,
53,San Francisco-Arkansas Street,2020-02-18,8.166666666666666,7.576320936264742,
54,Vallejo-304 Tuolumne Street,2020-02-18,7.916666666666667,7.576320936264742,
55,San Rafael,2020-02-18,6.208333333333333,7.576320936264742,
56,Concord-2956-A Treat Blvd,2020-02-18,6.166666666666667,7.576320936264742,
57,Oakland-9925 International Blvd,2020-02-18,6.043478260869565,7.576320936264742,
58,Livermore-793 Rincon Avenue,2020-02-18,3.9375,7.576320936264742,
59,San Jose-Jackson Street,2020-02-18,8.75,7.576320936264742,
60,San Pablo-Rumrill Blvd,2020-02-18,6.5,7.576320936264742,
61,Oakland-West,2020-02-18,9.91304347826087,7.576320936264742,
62,Oakland-Laney College                   ,2020-02-18,7.75,7.576320936264742,
63,Sebastopol-103 Morris Street            ,2020-02-18,7.541666666666667,7.576320936264742,
64,San Jose-Knox Avenue                    ,2020-02-18,8.409090909090908,7.576320936264742,
65,Berkeley-Aquatic Park                   ,2020-02-18,11.458333333333334,7.576320936264742,
66,Napa-Valley College,2020-02-18,6.739130434782608,7.576320936264742,
67,Pleasanton-Owens Ct                     ,2020-02-18,5.521739130434782,7.576320936264742,
68,Redwood City,2020-02-19,11.0,7.576320936264742,
69,Gilroy-9th Street,2020-02-19,6.833333333333333,7.576320936264742,
70,San Francisco-Arkansas Street,2020-02-19,9.416666666666666,7.576320936264742,
71,Vallejo-304 Tuolumne Street,2020-02-19,11.208333333333334,7.576320936264742,
72,San Rafael,2020-02-19,6.708333333333333,7.576320936264742,
73,Concord-2956-A Treat Blvd,2020-02-19,8.333333333333334,7.576320936264742,
74,Oakland-9925 International Blvd,2020-02-19,10.916666666666666,7.576320936264742,
75,Livermore-793 Rincon Avenue,2020-02-19,7.166666666666667,7.576320936264742,
76,San Jose-Jackson Street,2020-02-19,11.217391304347826,7.576320936264742,
77,San Pablo-Rumrill Blvd,2020-02-19,9.695652173913043,7.576320936264742,
78,Oakland-West,2020-02-19,9.75,7.576320936264742,
79,Oakland-Laney College                   ,2020-02-19,9.666666666666666,7.576320936264742,
80,Sebastopol-103 Morris Street            ,2020-02-19,7.5,7.576320936264742,
81,San Jose-Knox Avenue                    ,2020-02-19,12.375,7.576320936264742,
82,Berkeley-Aquatic Park                   ,2020-02-19,11.826086956521738,7.576320936264742,
83,Napa-Valley College,2020-02-19,8.416666666666666,7.576320936264742,
84,Pleasanton-Owens Ct                     ,2020-02-19,7.125,7.576320936264742,
85,Redwood City,2020-02-20,12.125,7.576320936264742,
86,Gilroy-9th Street,2020-02-20,7.375,7.576320936264742,
87,San Francisco-Arkansas Street,2020-02-20,13.782608695652174,7.576320936264742,
88,Vallejo-304 Tuolumne Street,2020-02-20,12.347826086956522,7.576320936264742,
89,San Rafael,2020-02-20,8.958333333333334,7.576320936264742,
90,Concord-2956-A Treat Blvd,2020-02-20,11.956521739130435,7.576320936264742,
91,Oakland-9925 International Blvd,2020-02-20,11.791666666666666,7.576320936264742,
92,Livermore-793 Rincon Avenue,2020-02-20,11.478260869565217,7.576320936264742,
93,San Jose-Jackson Street,2020-02-20,14.125,7.576320936264742,
94,San Pablo-Rumrill Blvd,2020-02-20,12.043478260869565,7.576320936264742,
95,Oakland-West,2020-02-20,10.75,7.576320936264742,
96,Oakland-Laney College                   ,2020-02-20,11.956521739130435,7.576320936264742,
97,Sebastopol-103 Morris Street            ,2020-02-20,10.26086956521739,7.576320936264742,
98,San Jose-Knox Avenue                    ,2020-02-20,14.5,7.576320936264742,
99,Berkeley-Aquatic Park                   ,2020-02-20,13.833333333333334,7.576320936264742,
100,Napa-Valley College,2020-02-20,10.75,7.576320936264742,
101,Pleasanton-Owens Ct                     ,2020-02-20,13.583333333333334,7.576320936264742,
102,Redwood City,2020-02-21,12.166666666666666,7.576320936264742,
103,Gilroy-9th Street,2020-02-21,9.952380952380953,7.576320936264742,
104,San Francisco-Arkansas Street,2020-02-21,12.458333333333334,7.576320936264742,
105,Vallejo-304 Tuolumne Street,2020-02-21,14.916666666666666,7.576320936264742,
106,San Rafael,2020-02-21,9.26086956521739,7.576320936264742,
107,Concord-2956-A Treat Blvd,2020-02-21,10.130434782608695,7.576320936264742,
108,Oakland-9925 International Blvd,2020-02-21,10.958333333333334,7.576320936264742,
109,Livermore-793 Rincon Avenue,2020-02-21,8.434782608695652,7.576320936264742,
110,San Jose-Jackson Street,2020-02-21,18.708333333333332,7.576320936264742,
111,San Pablo-Rumrill Blvd,2020-02-21,11.478260869565217,7.576320936264742,
112,Oakland-West,2020-02-21,12.791666666666666,7.576320936264742,
113,Oakland-Laney College                   ,2020-02-21,13.545454545454545,7.576320936264742,
114,Sebastopol-103 Morris Street            ,2020-02-21,9.833333333333334,7.576320936264742,
115,San Jose-Knox Avenue                    ,2020-02-21,16.958333333333332,7.576320936264742,
116,Berkeley-Aquatic Park                   ,2020-02-21,12.75,7.576320936264742,
117,Napa-Valley College,2020-02-21,10.625,7.576320936264742,
118,Pleasanton-Owens Ct                     ,2020-02-21,11.666666666666666,7.576320936264742,
119,Redwood City,2020-02-22,13.25,7.576320936264742,
120,Gilroy-9th Street,2020-02-22,12.272727272727273,7.576320936264742,
121,San Francisco-Arkansas Street,2020-02-22,12.833333333333334,7.576320936264742,
122,Vallejo-304 Tuolumne Street,2020-02-22,14.541666666666666,7.576320936264742,
123,San Rafael,2020-02-22,12.666666666666666,7.576320936264742,
124,Concord-2956-A Treat Blvd,2020-02-22,11.208333333333334,7.576320936264742,
125,Oakland-9925 International Blvd,2020-02-22,12.625,7.576320936264742,
126,Livermore-793 Rincon Avenue,2020-02-22,9.958333333333334,7.576320936264742,
127,San Jose-Jackson Street,2020-02-22,13.055555555555555,7.576320936264742,
128,San Pablo-Rumrill Blvd,2020-02-22,14.708333333333334,7.576320936264742,
129,Oakland-West,2020-02-22,11.125,7.576320936264742,
130,Oakland-Laney College                   ,2020-02-22,11.708333333333334,7.576320936264742,
131,Sebastopol-103 Morris Street            ,2020-02-22,8.652173913043478,7.576320936264742,
132,San Jose-Knox Avenue                    ,2020-02-22,12.083333333333334,7.576320936264742,
133,Berkeley-Aquatic Park                   ,2020-02-22,14.25,7.576320936264742,
134,Napa-Valley College,2020-02-22,9.291666666666666,7.576320936264742,
135,Pleasanton-Owens Ct                     ,2020-02-22,11.375,7.576320936264742,
136,Redwood City,2020-02-23,5.708333333333333,7.576320936264742,
137,Gilroy-9th Street,2020-02-23,8.727272727272727,7.576320936264742,
138,San Francisco-Arkansas Street,2020-02-23,6.708333333333333,7.576320936264742,
139,Vallejo-304 Tuolumne Street,2020-02-23,8.25,7.576320936264742,
140,San Rafael,2020-02-23,7.833333333333333,7.576320936264742,
141,Concord-2956-A Treat Blvd,2020-02-23,7.791666666666667,7.576320936264742,
142,Oakland-9925 International Blvd,2020-02-23,7.208333333333333,7.576320936264742,
143,Livermore-793 Rincon Avenue,2020-02-23,5.625,7.576320936264742,
144,San Jose-Jackson Street,2020-02-23,3.7083333333333335,7.576320936264742,
145,San Pablo-Rumrill Blvd,2020-02-23,8.125,7.576320936264742,
146,Oakland-West,2020-02-23,5.291666666666667,7.576320936264742,
147,Oakland-Laney College                   ,2020-02-23,8.041666666666666,7.576320936264742,
148,Sebastopol-103 Morris Street            ,2020-02-23,6.75,7.576320936264742,
149,San Jose-Knox Avenue                    ,2020-02-23,7.125,7.576320936264742,
150,Berkeley-Aquatic Park                   ,2020-02-23,8.375,7.576320936264742,
151,Napa-Valley College,2020-02-23,7.833333333333333,7.576320936264742,
152,Pleasanton-Owens Ct                     ,2020-02-23,7.708333333333333,7.576320936264742,
153,Redwood City,2020-02-24,6.458333333333333,7.576320936264742,
154,Gilroy-9th Street,2020-02-24,11.476190476190476,7.576320936264742,
155,San Francisco-Arkansas Street,2020-02-24,9.125,7.576320936264742,
156,Vallejo-304 Tuolumne Street,2020-02-24,8.125,7.576320936264742,
157,San Rafael,2020-02-24,4.833333333333333,7.576320936264742,
158,Concord-2956-A Treat Blvd,2020-02-24,4.375,7.576320936264742,
159,Oakland-9925 International Blvd,2020-02-24,7.913043478260869,7.576320936264742,
160,Livermore-793 Rincon Avenue,2020-02-24,4.739130434782608,7.576320936264742,
161,San Jose-Jackson Street,2020-02-24,10.625,7.576320936264742,
162,San Pablo-Rumrill Blvd,2020-02-24,5.826086956521739,7.576320936264742,
163,Oakland-West,2020-02-24,5.5,7.576320936264742,
164,Oakland-Laney College                   ,2020-02-24,5.833333333333333,7.576320936264742,
165,Sebastopol-103 Morris Street            ,2020-02-24,6.571428571428571,7.576320936264742,
166,San Jose-Knox Avenue                    ,2020-02-24,8.833333333333334,7.576320936264742,
167,Berkeley-Aquatic Park                   ,2020-02-24,8.666666666666666,7.576320936264742,
168,Napa-Valley College,2020-02-24,5.666666666666667,7.576320936264742,
169,Pleasanton-Owens Ct                     ,2020-02-24,7.916666666666667,7.576320936264742,
170,Redwood City,2020-02-25,6.608695652173913,7.576320936264742,
171,Gilroy-9th Street,2020-02-25,8.333333333333334,7.576320936264742,
172,San Francisco-Arkansas Street,2020-02-25,11.416666666666666,7.576320936264742,
173,Vallejo-304 Tuolumne Street,2020-02-25,9.91304347826087,7.576320936264742,
174,San Rafael,2020-02-25,5.458333333333333,7.576320936264742,
175,Concord-2956-A Treat Blvd,2020-02-25,5.541666666666667,7.576320936264742,
176,Oakland-9925 International Blvd,2020-02-25,6.666666666666667,7.576320936264742,
177,Livermore-793 Rincon Avenue,2020-02-25,3.6666666666666665,7.576320936264742,
178,San Jose-Jackson Street,2020-02-25,8.91304347826087,7.576320936264742,
179,San Pablo-Rumrill Blvd,2020-02-25,7.565217391304348,7.576320936264742,
180,Oakland-West,2020-02-25,9.782608695652174,7.576320936264742,
181,Oakland-Laney College                   ,2020-02-25,7.181818181818182,7.576320936264742,
182,Sebastopol-103 Morris Street            ,2020-02-25,5.208333333333333,7.576320936264742,
183,San Jose-Knox Avenue                    ,2020-02-25,7.826086956521739,7.576320936264742,
184,Berkeley-Aquatic Park                   ,2020-02-25,13.347826086956522,7.576320936264742,
185,Napa-Valley College,2020-02-25,6.260869565217392,7.576320936264742,
186,Pleasanton-Owens Ct                     ,2020-02-25,7.5,7.576320936264742,
187,Redwood City,2020-02-26,8.416666666666666,7.576320936264742,
188,Gilroy-9th Street,2020-02-26,7.380952380952381,7.576320936264742,
189,San Francisco-Arkansas Street,2020-02-26,13.130434782608695,7.576320936264742,
190,Vallejo-304 Tuolumne Street,2020-02-26,15.375,7.576320936264742,
191,San Rafael,2020-02-26,9.791666666666666,7.576320936264742,
192,Concord-2956-A Treat Blvd,2020-02-26,9.26086956521739,7.576320936264742,
193,Oakland-9925 International Blvd,2020-02-26,10.666666666666666,7.576320936264742,
194,Livermore-793 Rincon Avenue,2020-02-26,9.652173913043478,7.576320936264742,
195,San Jose-Jackson Street,2020-02-26,9.5,7.576320936264742,
196,San Pablo-Rumrill Blvd,2020-02-26,11.875,7.576320936264742,
197,Oakland-West,2020-02-26,10.958333333333334,7.576320936264742,
198,Oakland-Laney College                   ,2020-02-26,12.375,7.576320936264742,
199,Sebastopol-103 Morris Street            ,2020-02-26,5.958333333333333,7.576320936264742,
200,San Jose-Knox Avenue                    ,2020-02-26,9.583333333333334,7.576320936264742,
201,Berkeley-Aquatic Park                   ,2020-02-26,13.791666666666666,7.576320936264742,
202,Napa-Valley College,2020-02-26,8.708333333333334,7.576320936264742,
203,Pleasanton-Owens Ct                     ,2020-02-26,9.833333333333334,7.576320936264742,
204,Redwood City,2020-02-27,13.333333333333334,7.576320936264742,
205,Gilroy-9th Street,2020-02-27,7.454545454545454,7.576320936264742,
206,San Francisco-Arkansas Street,2020-02-27,15.458333333333334,7.576320936264742,
207,Vallejo-304 Tuolumne Street,2020-02-27,14.041666666666666,7.576320936264742,
208,San Rafael,2020-02-27,8.043478260869565,7.576320936264742,
209,Concord-2956-A Treat Blvd,2020-02-27,9.791666666666666,7.576320936264742,
210,Oakland-9925 International Blvd,2020-02-27,13.333333333333334,7.576320936264742,
211,Livermore-793 Rincon Avenue,2020-02-27,11.916666666666666,7.576320936264742,
212,San Jose-Jackson Street,2020-02-27,14.875,7.576320936264742,
213,San Pablo-Rumrill Blvd,2020-02-27,10.826086956521738,7.576320936264742,
214,Oakland-West,2020-02-27,13.166666666666666,7.576320936264742,
215,Oakland-Laney College                   ,2020-02-27,14.375,7.576320936264742,
216,Sebastopol-103 Morris Street            ,2020-02-27,7.708333333333333,7.576320936264742,
217,San Jose-Knox Avenue                    ,2020-02-27,15.916666666666666,7.576320936264742,
218,Berkeley-Aquatic Park                   ,2020-02-27,14.708333333333334,7.576320936264742,
219,Napa-Valley College,2020-02-27,9.434782608695652,7.576320936264742,
220,Pleasanton-Owens Ct                     ,2020-02-27,12.125,7.576320936264742,
221,Redwood City,2020-02-28,13.208333333333334,7.576320936264742,
222,Gilroy-9th Street,2020-02-28,9.105263157894736,7.576320936264742,
223,San Francisco-Arkansas Street,2020-02-28,14.416666666666666,7.576320936264742,
224,Vallejo-304 Tuolumne Street,2020-02-28,13.375,7.576320936264742,
225,San Rafael,2020-02-28,10.375,7.576320936264742,
226,Concord-2956-A Treat Blvd,2020-02-28,11.125,7.576320936264742,
227,Oakland-9925 International Blvd,2020-02-28,12.5,7.576320936264742,
228,Livermore-793 Rincon Avenue,2020-02-28,10.833333333333334,7.576320936264742,
229,San Jose-Jackson Street,2020-02-28,14.541666666666666,7.576320936264742,
230,San Pablo-Rumrill Blvd,2020-02-28,12.458333333333334,7.576320936264742,
231,Oakland-West,2020-02-28,12.434782608695652,7.576320936264742,
232,Oakland-Laney College                   ,2020-02-28,11.791666666666666,7.576320936264742,
233,Sebastopol-103 Morris Street            ,2020-02-28,8.875,7.576320936264742,
234,San Jose-Knox Avenue                    ,2020-02-28,14.5,7.576320936264742,
235,Berkeley-Aquatic Park                   ,2020-02-28,14.25,7.576320936264742,
236,Napa-Valley College,2020-02-28,10.625,7.576320936264742,
237,Pleasanton-Owens Ct                     ,2020-02-28,12.375,7.576320936264742,
238,Redwood City,2020-02-29,9.333333333333334,7.576320936264742,
239,Gilroy-9th Street,2020-02-29,10.173913043478262,7.576320936264742,
240,San Francisco-Arkansas Street,2020-02-29,8.291666666666666,7.576320936264742,
241,Vallejo-304 Tuolumne Street,2020-02-29,8.583333333333334,7.576320936264742,
242,San Rafael,2020-02-29,8.208333333333334,7.576320936264742,
243,Concord-2956-A Treat Blvd,2020-02-29,8.625,7.576320936264742,
244,Oakland-9925 International Blvd,2020-02-29,8.208333333333334,7.576320936264742,
245,Livermore-793 Rincon Avenue,2020-02-29,7.166666666666667,7.576320936264742,
246,San Jose-Jackson Street,2020-02-29,8.083333333333334,7.576320936264742,
247,San Pablo-Rumrill Blvd,2020-02-29,7.708333333333333,7.576320936264742,
248,Oakland-West,2020-02-29,6.041666666666667,7.576320936264742,
249,Oakland-Laney College                   ,2020-02-29,6.916666666666667,7.576320936264742,
250,Sebastopol-103 Morris Street            ,2020-02-29,5.541666666666667,7.576320936264742,
251,San Jose-Knox Avenue                    ,2020-02-29,8.708333333333334,7.576320936264742,
252,Berkeley-Aquatic Park                   ,2020-02-29,8.88888888888889,7.576320936264742,
253,Napa-Valley College,2020-02-29,7.166666666666667,7.576320936264742,
254,Pleasanton-Owens Ct                     ,2020-02-29,8.5,7.576320936264742,
255,Redwood City,2020-03-01,5.833333333333333,7.576320936264742,
256,Gilroy-9th Street,2020-03-01,7.041666666666667,7.576320936264742,
257,San Francisco-Arkansas Street,2020-03-01,4.916666666666667,7.576320936264742,
258,Vallejo-304 Tuolumne Street,2020-03-01,10.434782608695652,7.576320936264742,
259,San Rafael,2020-03-01,3.75,7.576320936264742,
260,Concord-2956-A Treat Blvd,2020-03-01,5.541666666666667,7.576320936264742,
261,Oakland-9925 International Blvd,2020-03-01,6.0,7.576320936264742,
262,Livermore-793 Rincon Avenue,2020-03-01,3.6666666666666665,7.576320936264742,
263,San Jose-Jackson Street,2020-03-01,4.791666666666667,7.576320936264742,
264,San Pablo-Rumrill Blvd,2020-03-01,4.291666666666667,7.576320936264742,
265,Oakland-West,2020-03-01,2.0833333333333335,7.576320936264742,
266,Oakland-Laney College                   ,2020-03-01,3.8333333333333335,7.576320936264742,
267,Sebastopol-103 Morris Street            ,2020-03-01,4.458333333333333,7.576320936264742,
268,San Jose-Knox Avenue                    ,2020-03-01,4.791666666666667,7.576320936264742,
269,Berkeley-Aquatic Park                   ,2020-03-01,4.708333333333333,7.576320936264742,
270,Napa-Valley College,2020-03-01,5.083333333333333,7.576320936264742,
271,Pleasanton-Owens Ct                     ,2020-03-01,5.75,7.576320936264742,
272,Redwood City,2020-03-02,4.217391304347826,7.576320936264742,
273,Gilroy-9th Street,2020-03-02,7.291666666666667,7.576320936264742,
274,San Francisco-Arkansas Street,2020-03-02,4.956521739130435,7.576320936264742,
275,Vallejo-304 Tuolumne Street,2020-03-02,4.166666666666667,7.576320936264742,
276,San Rafael,2020-03-02,2.75,7.576320936264742,
277,Concord-2956-A Treat Blvd,2020-03-02,4.25,7.576320936264742,
278,Oakland-9925 International Blvd,2020-03-02,3.217391304347826,7.576320936264742,
279,Livermore-793 Rincon Avenue,2020-03-02,1.9565217391304348,7.576320936264742,
280,San Jose-Jackson Street,2020-03-02,2.625,7.576320936264742,
281,San Pablo-Rumrill Blvd,2020-03-02,3.0833333333333335,7.576320936264742,
282,Oakland-West,2020-03-02,1.7083333333333333,7.576320936264742,
283,Oakland-Laney College                   ,2020-03-02,0.75,7.576320936264742,
284,Sebastopol-103 Morris Street            ,2020-03-02,1.7826086956521738,7.576320936264742,
285,San Jose-Knox Avenue                    ,2020-03-02,1.7826086956521738,7.576320936264742,
286,Berkeley-Aquatic Park                   ,2020-03-02,3.8333333333333335,7.576320936264742,
287,Napa-Valley College,2020-03-02,3.6666666666666665,7.576320936264742,
288,Pleasanton-Owens Ct                     ,2020-03-02,2.8333333333333335,7.576320936264742,
289,Redwood City,2020-03-03,6.458333333333333,7.576320936264742,
290,Gilroy-9th Street,2020-03-03,4.476190476190476,7.576320936264742,
291,San Francisco-Arkansas Street,2020-03-03,12.458333333333334,7.576320936264742,
292,Vallejo-304 Tuolumne Street,2020-03-03,7.625,7.576320936264742,
293,San Rafael,2020-03-03,5.666666666666667,7.576320936264742,
294,Concord-2956-A Treat Blvd,2020-03-03,5.541666666666667,7.576320936264742,
295,Oakland-9925 International Blvd,2020-03-03,7.25,7.576320936264742,
296,Livermore-793 Rincon Avenue,2020-03-03,4.208333333333333,7.576320936264742,
297,San Jose-Jackson Street,2020-03-03,7.478260869565218,7.576320936264742,
298,San Pablo-Rumrill Blvd,2020-03-03,6.708333333333333,7.576320936264742,
299,Oakland-West,2020-03-03,8.5,7.576320936264742,
300,Oakland-Laney College                   ,2020-03-03,8.956521739130435,7.576320936264742,
301,Sebastopol-103 Morris Street            ,2020-03-03,7.0,7.576320936264742,
302,San Jose-Knox Avenue                    ,2020-03-03,7.958333333333333,7.576320936264742,
303,Berkeley-Aquatic Park                   ,2020-03-03,10.478260869565217,7.576320936264742,
304,Napa-Valley College,2020-03-03,5.826086956521739,7.576320936264742,
305,Pleasanton-Owens Ct                     ,2020-03-03,5.260869565217392,7.576320936264742,
306,Redwood City,2020-03-04,11.375,7.576320936264742,
307,Gilroy-9th Street,2020-03-04,8.826086956521738,7.576320936264742,
308,San Francisco-Arkansas Street,2020-03-04,13.375,7.576320936264742,
309,Vallejo-304 Tuolumne Street,2020-03-04,11.333333333333334,7.576320936264742,
310,San Rafael,2020-03-04,8.173913043478262,7.576320936264742,
311,Concord-2956-A Treat Blvd,2020-03-04,11.25,7.576320936264742,
312,Oakland-9925 International Blvd,2020-03-04,12.5,7.576320936264742,
313,Livermore-793 Rincon Avenue,2020-03-04,8.041666666666666,7.576320936264742,
314,San Jose-Jackson Street,2020-03-04,11.083333333333334,7.576320936264742,
315,San Pablo-Rumrill Blvd,2020-03-04,9.125,7.576320936264742,
316,Oakland-West,2020-03-04,9.958333333333334,7.576320936264742,
317,Oakland-Laney College                   ,2020-03-04,12.666666666666666,7.576320936264742,
318,Sebastopol-103 Morris Street            ,2020-03-04,7.125,7.576320936264742,
319,San Jose-Knox Avenue                    ,2020-03-04,11.636363636363637,7.576320936264742,
320,Berkeley-Aquatic Park                   ,2020-03-04,12.708333333333334,7.576320936264742,
321,Napa-Valley College,2020-03-04,7.833333333333333,7.576320936264742,
322,Pleasanton-Owens Ct                     ,2020-03-04,10.166666666666666,7.576320936264742,
323,Redwood City,2020-03-05,11.708333333333334,7.576320936264742,
324,Gilroy-9th Street,2020-03-05,8.782608695652174,7.576320936264742,
325,San Francisco-Arkansas Street,2020-03-05,9.375,7.576320936264742,
326,Vallejo-304 Tuolumne Street,2020-03-05,10.565217391304348,7.576320936264742,
327,San Rafael,2020-03-05,8.083333333333334,7.576320936264742,
328,Concord-2956-A Treat Blvd,2020-03-05,10.958333333333334,7.576320936264742,
329,Oakland-9925 International Blvd,2020-03-05,11.291666666666666,7.576320936264742,
330,Livermore-793 Rincon Avenue,2020-03-05,11.0,7.576320936264742,
331,San Jose-Jackson Street,2020-03-05,9.708333333333334,7.576320936264742,
332,San Pablo-Rumrill Blvd,2020-03-05,10.5,7.576320936264742,
333,Oakland-West,2020-03-05,8.333333333333334,7.576320936264742,
334,Oakland-Laney College                   ,2020-03-05,9.75,7.576320936264742,
335,Sebastopol-103 Morris Street            ,2020-03-05,7.875,7.576320936264742,
337,Berkeley-Aquatic Park                   ,2020-03-05,10.391304347826088,7.576320936264742,
338,Napa-Valley College,2020-03-05,8.708333333333334,7.576320936264742,
339,Pleasanton-Owens Ct                     ,2020-03-05,12.416666666666666,7.576320936264742,
340,Redwood City,2020-03-06,4.0,7.576320936264742,
341,Gilroy-9th Street,2020-03-06,4.909090909090909,7.576320936264742,
342,San Francisco-Arkansas Street,2020-03-06,2.5,7.576320936264742,
343,Vallejo-304 Tuolumne Street,2020-03-06,4.166666666666667,7.576320936264742,
344,San Rafael,2020-03-06,3.9583333333333335,7.576320936264742,
345,Concord-2956-A Treat Blvd,2020-03-06,5.3478260869565215,7.576320936264742,
346,Oakland-9925 International Blvd,2020-03-06,3.7083333333333335,7.576320936264742,
347,Livermore-793 Rincon Avenue,2020-03-06,4.666666666666667,7.576320936264742,
348,San Jose-Jackson Street,2020-03-06,4.833333333333333,7.576320936264742,
349,San Pablo-Rumrill Blvd,2020-03-06,6.636363636363637,7.576320936264742,
350,Oakland-West,2020-03-06,2.0,7.576320936264742,
351,Oakland-Laney College                   ,2020-03-06,3.0833333333333335,7.576320936264742,
352,Sebastopol-103 Morris Street            ,2020-03-06,2.0833333333333335,7.576320936264742,
353,San Jose-Knox Avenue                    ,2020-03-06,4.5,7.576320936264742,
354,Berkeley-Aquatic Park                   ,2020-03-06,3.375,7.576320936264742,
355,Napa-Valley College,2020-03-06,3.25,7.576320936264742,
356,Pleasanton-Owens Ct                     ,2020-03-06,5.166666666666667,7.576320936264742,
357,Redwood City,2020-03-07,2.6666666666666665,7.576320936264742,
358,Gilroy-9th Street,2020-03-07,3.409090909090909,7.576320936264742,
359,San Francisco-Arkansas Street,2020-03-07,1.0416666666666667,7.576320936264742,
360,Vallejo-304 Tuolumne Street,2020-03-07,4.333333333333333,7.576320936264742,
361,San Rafael,2020-03-07,2.75,7.576320936264742,
362,Concord-2956-A Treat Blvd,2020-03-07,3.7916666666666665,7.576320936264742,
363,Oakland-9925 International Blvd,2020-03-07,2.7916666666666665,7.576320936264742,
364,Livermore-793 Rincon Avenue,2020-03-07,2.125,7.576320936264742,
365,San Jose-Jackson Street,2020-03-07,1.2916666666666667,7.576320936264742,
366,San Pablo-Rumrill Blvd,2020-03-07,5.708333333333333,7.576320936264742,
367,Oakland-West,2020-03-07,0.75,7.576320936264742,
368,Oakland-Laney College                   ,2020-03-07,1.2083333333333333,7.576320936264742,
369,Sebastopol-103 Morris Street            ,2020-03-07,2.75,7.576320936264742,
370,San Jose-Knox Avenue                    ,2020-03-07,3.5652173913043477,7.576320936264742,
371,Berkeley-Aquatic Park                   ,2020-03-07,3.25,7.576320936264742,
372,Napa-Valley College,2020-03-07,3.5,7.576320936264742,
373,Pleasanton-Owens Ct                     ,2020-03-07,3.25,7.576320936264742,
374,Redwood City,2020-03-08,2.9166666666666665,7.576320936264742,
375,Gilroy-9th Street,2020-03-08,3.9545454545454546,7.576320936264742,
376,San Francisco-Arkansas Street,2020-03-08,3.5833333333333335,7.576320936264742,
377,Vallejo-304 Tuolumne Street,2020-03-08,7.166666666666667,7.576320936264742,
378,San Rafael,2020-03-08,3.125,7.576320936264742,
379,Concord-2956-A Treat Blvd,2020-03-08,5.333333333333333,7.576320936264742,
380,Oakland-9925 International Blvd,2020-03-08,3.7083333333333335,7.576320936264742,
381,Livermore-793 Rincon Avenue,2020-03-08,4.0,7.576320936264742,
382,San Jose-Jackson Street,2020-03-08,1.6666666666666667,7.576320936264742,
383,San Pablo-Rumrill Blvd,2020-03-08,6.375,7.576320936264742,
384,Oakland-West,2020-03-08,1.5,7.576320936264742,
385,Oakland-Laney College                   ,2020-03-08,3.2083333333333335,7.576320936264742,
386,Sebastopol-103 Morris Street            ,2020-03-08,4.708333333333333,7.576320936264742,
387,San Jose-Knox Avenue                    ,2020-03-08,4.916666666666667,7.576320936264742,
388,Berkeley-Aquatic Park                   ,2020-03-08,5.75,7.576320936264742,
389,Napa-Valley College,2020-03-08,4.666666666666667,7.576320936264742,
390,Pleasanton-Owens Ct                     ,2020-03-08,4.375,7.576320936264742,
391,Redwood City,2020-03-09,4.608695652173913,7.576320936264742,
392,Gilroy-9th Street,2020-03-09,3.0952380952380953,7.576320936264742,
393,San Francisco-Arkansas Street,2020-03-09,5.041666666666667,7.576320936264742,
394,Vallejo-304 Tuolumne Street,2020-03-09,7.434782608695652,7.576320936264742,
395,San Rafael,2020-03-09,2.9583333333333335,7.576320936264742,
396,Concord-2956-A Treat Blvd,2020-03-09,4.875,7.576320936264742,
397,Oakland-9925 International Blvd,2020-03-09,3.4347826086956523,7.576320936264742,
398,Livermore-793 Rincon Avenue,2020-03-09,3.75,7.576320936264742,
399,San Jose-Jackson Street,2020-03-09,4.5,7.576320936264742,
400,San Pablo-Rumrill Blvd,2020-03-09,4.826086956521739,7.576320936264742,
401,Oakland-West,2020-03-09,3.0416666666666665,7.576320936264742,
402,Oakland-Laney College                   ,2020-03-09,3.0416666666666665,7.576320936264742,
403,Sebastopol-103 Morris Street            ,2020-03-09,4.333333333333333,7.576320936264742,
404,San Jose-Knox Avenue                    ,2020-03-09,5.583333333333333,7.576320936264742,
405,Berkeley-Aquatic Park                   ,2020-03-09,5.916666666666667,7.576320936264742,
406,Napa-Valley College,2020-03-09,4.565217391304348,7.576320936264742,
407,Pleasanton-Owens Ct                     ,2020-03-09,4.739130434782608,7.576320936264742,
408,Redwood City,2020-03-10,4.75,7.576320936264742,
409,Gilroy-9th Street,2020-03-10,3.727272727272727,7.576320936264742,
410,San Francisco-Arkansas Street,2020-03-10,6.333333333333333,7.576320936264742,
411,Vallejo-304 Tuolumne Street,2020-03-10,7.958333333333333,7.576320936264742,
412,San Rafael,2020-03-10,4.291666666666667,7.576320936264742,
413,Concord-2956-A Treat Blvd,2020-03-10,5.208333333333333,7.576320936264742,
414,Oakland-9925 International Blvd,2020-03-10,4.25,7.576320936264742,
415,Livermore-793 Rincon Avenue,2020-03-10,4.217391304347826,7.576320936264742,
416,San Jose-Jackson Street,2020-03-10,6.75,7.576320936264742,
417,San Pablo-Rumrill Blvd,2020-03-10,5.666666666666667,7.576320936264742,
418,Oakland-West,2020-03-10,4.041666666666667,7.576320936264742,
419,Oakland-Laney College                   ,2020-03-10,4.541666666666667,7.576320936264742,
420,Sebastopol-103 Morris Street            ,2020-03-10,3.8333333333333335,7.576320936264742,
421,San Jose-Knox Avenue                    ,2020-03-10,6.956521739130435,7.576320936264742,
422,Berkeley-Aquatic Park                   ,2020-03-10,6.375,7.576320936264742,
423,Napa-Valley College,2020-03-10,5.75,7.576320936264742,
424,Pleasanton-Owens Ct                     ,2020-03-10,5.541666666666667,7.576320936264742,
425,Redwood City,2020-03-11,5.916666666666667,7.576320936264742,
426,Gilroy-9th Street,2020-03-11,2.9166666666666665,7.576320936264742,
427,San Francisco-Arkansas Street,2020-03-11,5.913043478260869,7.576320936264742,
428,Vallejo-304 Tuolumne Street,2020-03-11,7.583333333333333,7.576320936264742,
429,San Rafael,2020-03-11,3.9565217391304346,7.576320936264742,
430,Concord-2956-A Treat Blvd,2020-03-11,4.541666666666667,7.576320936264742,
431,Oakland-9925 International Blvd,2020-03-11,6.166666666666667,7.576320936264742,
432,Livermore-793 Rincon Avenue,2020-03-11,3.875,7.576320936264742,
433,San Jose-Jackson Street,2020-03-11,4.0,7.576320936264742,
434,San Pablo-Rumrill Blvd,2020-03-11,7.260869565217392,7.576320936264742,
435,Oakland-West,2020-03-11,5.166666666666667,7.576320936264742,
436,Oakland-Laney College                   ,2020-03-11,6.25,7.576320936264742,
437,Sebastopol-103 Morris Street            ,2020-03-11,5.5,7.576320936264742,
438,San Jose-Knox Avenue                    ,2020-03-11,4.791666666666667,7.576320936264742,
439,Berkeley-Aquatic Park                   ,2020-03-11,9.521739130434783,7.576320936264742,
440,Napa-Valley College,2020-03-11,4.875,7.576320936264742,
441,Pleasanton-Owens Ct                     ,2020-03-11,5.5,7.576320936264742,
442,Redwood City,2020-03-12,8.541666666666666,7.576320936264742,
443,Gilroy-9th Street,2020-03-12,6.625,7.576320936264742,
444,San Francisco-Arkansas Street,2020-03-12,9.583333333333334,7.576320936264742,
445,Vallejo-304 Tuolumne Street,2020-03-12,9.958333333333334,7.576320936264742,
446,San Rafael,2020-03-12,6.416666666666667,7.576320936264742,
447,Concord-2956-A Treat Blvd,2020-03-12,6.826086956521739,7.576320936264742,
448,Oakland-9925 International Blvd,2020-03-12,9.75,7.576320936264742,
449,Livermore-793 Rincon Avenue,2020-03-12,5.166666666666667,7.576320936264742,
450,San Jose-Jackson Street,2020-03-12,9.541666666666666,7.576320936264742,
451,San Pablo-Rumrill Blvd,2020-03-12,7.875,7.576320936264742,
452,Oakland-West,2020-03-12,8.583333333333334,7.576320936264742,
453,Oakland-Laney College                   ,2020-03-12,9.26086956521739,7.576320936264742,
454,Sebastopol-103 Morris Street            ,2020-03-12,3.3333333333333335,7.576320936264742,
455,San Jose-Knox Avenue                    ,2020-03-12,11.434782608695652,7.576320936264742,
456,Berkeley-Aquatic Park                   ,2020-03-12,11.304347826086957,7.576320936264742,
457,Napa-Valley College,2020-03-12,7.125,7.576320936264742,
458,Pleasanton-Owens Ct                     ,2020-03-12,7.458333333333333,7.576320936264742,
459,Redwood City,2020-03-13,9.875,7.576320936264742,
460,Gilroy-9th Street,2020-03-13,10.166666666666666,7.576320936264742,
461,San Francisco-Arkansas Street,2020-03-13,12.608695652173912,7.576320936264742,
462,Vallejo-304 Tuolumne Street,2020-03-13,15.166666666666666,7.576320936264742,
463,San Rafael,2020-03-13,11.166666666666666,7.576320936264742,
464,Concord-2956-A Treat Blvd,2020-03-13,11.583333333333334,7.576320936264742,
465,Oakland-9925 International Blvd,2020-03-13,11.625,7.576320936264742,
466,Livermore-793 Rincon Avenue,2020-03-13,8.875,7.576320936264742,
467,San Jose-Jackson Street,2020-03-13,10.541666666666666,7.576320936264742,
468,San Pablo-Rumrill Blvd,2020-03-13,16.541666666666668,7.576320936264742,
469,Oakland-West,2020-03-13,9.652173913043478,7.576320936264742,
470,Oakland-Laney College                   ,2020-03-13,12.291666666666666,7.576320936264742,
471,Sebastopol-103 Morris Street            ,2020-03-13,8.304347826086957,7.576320936264742,
472,San Jose-Knox Avenue                    ,2020-03-13,11.25,7.576320936264742,
473,Berkeley-Aquatic Park                   ,2020-03-13,14.208333333333334,7.576320936264742,
474,Napa-Valley College,2020-03-13,11.75,7.576320936264742,
475,Pleasanton-Owens Ct                     ,2020-03-13,10.541666666666666,7.576320936264742,
476,Redwood City,2020-03-14,2.0833333333333335,7.576320936264742,
477,Gilroy-9th Street,2020-03-14,7.869565217391305,7.576320936264742,
478,San Francisco-Arkansas Street,2020-03-14,1.9583333333333333,7.576320936264742,
479,Vallejo-304 Tuolumne Street,2020-03-14,5.291666666666667,7.576320936264742,
480,San Rafael,2020-03-14,3.75,7.576320936264742,
481,Concord-2956-A Treat Blvd,2020-03-14,2.9166666666666665,7.576320936264742,
482,Oakland-9925 International Blvd,2020-03-14,3.9583333333333335,7.576320936264742,
483,Livermore-793 Rincon Avenue,2020-03-14,3.5416666666666665,7.576320936264742,
484,San Jose-Jackson Street,2020-03-14,4.458333333333333,7.576320936264742,
485,San Pablo-Rumrill Blvd,2020-03-14,6.619047619047619,7.576320936264742,
486,Oakland-West,2020-03-14,1.9166666666666667,7.576320936264742,
487,Oakland-Laney College                   ,2020-03-14,2.625,7.576320936264742,
488,Sebastopol-103 Morris Street            ,2020-03-14,2.25,7.576320936264742,
489,San Jose-Knox Avenue                    ,2020-03-14,5.333333333333333,7.576320936264742,
490,Berkeley-Aquatic Park                   ,2020-03-14,4.541666666666667,7.576320936264742,
491,Napa-Valley College,2020-03-14,3.7916666666666665,7.576320936264742,
492,Pleasanton-Owens Ct                     ,2020-03-14,4.75,7.576320936264742,
493,Redwood City,2020-03-15,2.0833333333333335,7.576320936264742,
494,Gilroy-9th Street,2020-03-15,5.304347826086956,7.576320936264742,
495,San Francisco-Arkansas Street,2020-03-15,3.2083333333333335,7.576320936264742,
496,Vallejo-304 Tuolumne Street,2020-03-15,4.875,7.576320936264742,
497,San Rafael,2020-03-15,3.0416666666666665,7.576320936264742,
498,Concord-2956-A Treat Blvd,2020-03-15,4.25,7.576320936264742,
499,Oakland-9925 International Blvd,2020-03-15,2.875,7.576320936264742,
500,Livermore-793 Rincon Avenue,2020-03-15,1.7916666666666667,7.576320936264742,
501,San Jose-Jackson Street,2020-03-15,2.0416666666666665,7.576320936264742,
502,San Pablo-Rumrill Blvd,2020-03-15,5.291666666666667,7.576320936264742,
503,Oakland-West,2020-03-15,1.6666666666666667,7.576320936264742,
504,Oakland-Laney College                   ,2020-03-15,2.0833333333333335,7.576320936264742,
505,Sebastopol-103 Morris Street            ,2020-03-15,2.8333333333333335,7.576320936264742,
506,San Jose-Knox Avenue                    ,2020-03-15,2.7083333333333335,7.576320936264742,
507,Berkeley-Aquatic Park                   ,2020-03-15,4.333333333333333,7.576320936264742,
508,Napa-Valley College,2020-03-15,3.8333333333333335,7.576320936264742,
509,Pleasanton-Owens Ct                     ,2020-03-15,3.9583333333333335,7.576320936264742,
510,Redwood City,2020-03-16,3.0434782608695654,7.576320936264742,
511,Gilroy-9th Street,2020-03-16,3.875,7.576320936264742,
512,San Francisco-Arkansas Street,2020-03-16,1.5,7.576320936264742,
513,Vallejo-304 Tuolumne Street,2020-03-16,4.625,7.576320936264742,
514,San Rafael,2020-03-16,3.1666666666666665,7.576320936264742,
515,Concord-2956-A Treat Blvd,2020-03-16,3.875,7.576320936264742,
516,Oakland-9925 International Blvd,2020-03-16,2.869565217391304,7.576320936264742,
517,Livermore-793 Rincon Avenue,2020-03-16,1.3043478260869565,7.576320936264742,
518,San Jose-Jackson Street,2020-03-16,2.5652173913043477,7.576320936264742,
519,San Pablo-Rumrill Blvd,2020-03-16,2.8333333333333335,7.576320936264742,
520,Oakland-West,2020-03-16,0.875,7.576320936264742,
521,Oakland-Laney College                   ,2020-03-16,0.375,7.576320936264742,
522,Sebastopol-103 Morris Street            ,2020-03-16,4.5,7.576320936264742,
523,San Jose-Knox Avenue                    ,2020-03-16,3.875,7.576320936264742,
524,Berkeley-Aquatic Park                   ,2020-03-16,3.75,7.576320936264742,
525,Napa-Valley College,2020-03-16,2.7916666666666665,7.576320936264742,
526,Pleasanton-Owens Ct                     ,2020-03-16,3.625,7.576320936264742,
527,Redwood City,2020-03-17,4.0,,5.209247215989224
528,Gilroy-9th Street,2020-03-17,5.0,,5.209247215989224
529,San Francisco-Arkansas Street,2020-03-17,2.0,,5.209247215989224
530,Vallejo-304 Tuolumne Street,2020-03-17,6.0,,5.209247215989224
531,San Rafael,2020-03-17,4.130434782608695,,5.209247215989224
532,Concord-2956-A Treat Blvd,2020-03-17,7.083333333333333,,5.209247215989224
533,Oakland-9925 International Blvd,2020-03-17,3.9583333333333335,,5.209247215989224
534,Livermore-793 Rincon Avenue,2020-03-17,5.583333333333333,,5.209247215989224
535,San Jose-Jackson Street,2020-03-17,2.652173913043478,,5.209247215989224
536,San Pablo-Rumrill Blvd,2020-03-17,5.647058823529412,,5.209247215989224
537,Oakland-West,2020-03-17,1.7826086956521738,,5.209247215989224
538,Oakland-Laney College                   ,2020-03-17,1.0869565217391304,,5.209247215989224
540,San Jose-Knox Avenue                    ,2020-03-17,5.125,,5.209247215989224
541,Berkeley-Aquatic Park                   ,2020-03-17,3.7083333333333335,,5.209247215989224
542,Napa-Valley College,2020-03-17,5.733333333333333,,5.209247215989224
543,Pleasanton-Owens Ct                     ,2020-03-17,5.913043478260869,,5.209247215989224
544,Redwood City,2020-03-18,3.875,,5.209247215989224
545,Gilroy-9th Street,2020-03-18,4.565217391304348,,5.209247215989224
546,San Francisco-Arkansas Street,2020-03-18,3.5833333333333335,,5.209247215989224
547,Vallejo-304 Tuolumne Street,2020-03-18,4.782608695652174,,5.209247215989224
548,San Rafael,2020-03-18,4.0,,5.209247215989224
549,Concord-2956-A Treat Blvd,2020-03-18,4.708333333333333,,5.209247215989224
550,Oakland-9925 International Blvd,2020-03-18,4.75,,5.209247215989224
551,Livermore-793 Rincon Avenue,2020-03-18,4.916666666666667,,5.209247215989224
552,San Jose-Jackson Street,2020-03-18,2.0,,5.209247215989224
553,San Pablo-Rumrill Blvd,2020-03-18,4.75,,5.209247215989224
554,Oakland-West,2020-03-18,2.608695652173913,,5.209247215989224
555,Oakland-Laney College                   ,2020-03-18,3.5,,5.209247215989224
557,San Jose-Knox Avenue                    ,2020-03-18,4.608695652173913,,5.209247215989224
558,Berkeley-Aquatic Park                   ,2020-03-18,5.125,,5.209247215989224
559,Napa-Valley College,2020-03-18,3.8333333333333335,,5.209247215989224
560,Pleasanton-Owens Ct                     ,2020-03-18,5.208333333333333,,5.209247215989224
561,Redwood City,2020-03-19,5.083333333333333,,5.209247215989224
562,Gilroy-9th Street,2020-03-19,6.142857142857143,,5.209247215989224
563,San Francisco-Arkansas Street,2020-03-19,4.521739130434782,,5.209247215989224
564,Vallejo-304 Tuolumne Street,2020-03-19,7.583333333333333,,5.209247215989224
565,San Rafael,2020-03-19,5.25,,5.209247215989224
566,Concord-2956-A Treat Blvd,2020-03-19,6.166666666666667,,5.209247215989224
567,Oakland-9925 International Blvd,2020-03-19,5.25,,5.209247215989224
568,Livermore-793 Rincon Avenue,2020-03-19,5.416666666666667,,5.209247215989224
569,San Jose-Jackson Street,2020-03-19,5.434782608695652,,5.209247215989224
570,San Pablo-Rumrill Blvd,2020-03-19,6.208333333333333,,5.209247215989224
571,Oakland-West,2020-03-19,4.25,,5.209247215989224
572,Oakland-Laney College                   ,2020-03-19,3.9565217391304346,,5.209247215989224
573,Sebastopol-103 Morris Street            ,2020-03-19,3.6666666666666665,,5.209247215989224
574,San Jose-Knox Avenue                    ,2020-03-19,5.0,,5.209247215989224
575,Berkeley-Aquatic Park                   ,2020-03-19,6.583333333333333,,5.209247215989224
576,Napa-Valley College,2020-03-19,4.25,,5.209247215989224
577,Pleasanton-Owens Ct                     ,2020-03-19,7.0,,5.209247215989224
578,Redwood City,2020-03-20,4.875,,5.209247215989224
579,Gilroy-9th Street,2020-03-20,2.6,,5.209247215989224
580,San Francisco-Arkansas Street,2020-03-20,5.833333333333333,,5.209247215989224
581,Vallejo-304 Tuolumne Street,2020-03-20,4.045454545454546,,5.209247215989224
582,San Rafael,2020-03-20,2.4285714285714284,,5.209247215989224
583,Concord-2956-A Treat Blvd,2020-03-20,5.0,,5.209247215989224
584,Oakland-9925 International Blvd,2020-03-20,8.041666666666666,,5.209247215989224
585,Livermore-793 Rincon Avenue,2020-03-20,5.916666666666667,,5.209247215989224
586,San Jose-Jackson Street,2020-03-20,5.625,,5.209247215989224
587,San Pablo-Rumrill Blvd,2020-03-20,5.928571428571429,,5.209247215989224
588,Oakland-West,2020-03-20,5.333333333333333,,5.209247215989224
589,Oakland-Laney College                   ,2020-03-20,5.791666666666667,,5.209247215989224
590,Sebastopol-103 Morris Street            ,2020-03-20,5.125,,5.209247215989224
591,San Jose-Knox Avenue                    ,2020-03-20,5.833333333333333,,5.209247215989224
592,Berkeley-Aquatic Park                   ,2020-03-20,8.0,,5.209247215989224
593,Napa-Valley College,2020-03-20,3.739130434782609,,5.209247215989224
594,Pleasanton-Owens Ct                     ,2020-03-20,5.125,,5.209247215989224
595,Redwood City,2020-03-21,4.041666666666667,,5.209247215989224
596,Gilroy-9th Street,2020-03-21,3.7083333333333335,,5.209247215989224
597,San Francisco-Arkansas Street,2020-03-21,5.541666666666667,,5.209247215989224
598,Vallejo-304 Tuolumne Street,2020-03-21,0.4166666666666667,,5.209247215989224
601,Oakland-9925 International Blvd,2020-03-21,6.375,,5.209247215989224
602,Livermore-793 Rincon Avenue,2020-03-21,6.083333333333333,,5.209247215989224
603,San Jose-Jackson Street,2020-03-21,5.916666666666667,,5.209247215989224
605,Oakland-West,2020-03-21,6.041666666666667,,5.209247215989224
606,Oakland-Laney College                   ,2020-03-21,4.333333333333333,,5.209247215989224
607,Sebastopol-103 Morris Street            ,2020-03-21,5.208333333333333,,5.209247215989224
608,San Jose-Knox Avenue                    ,2020-03-21,5.75,,5.209247215989224
609,Berkeley-Aquatic Park                   ,2020-03-21,6.791666666666667,,5.209247215989224
610,Napa-Valley College,2020-03-21,2.5416666666666665,,5.209247215989224
611,Pleasanton-Owens Ct                     ,2020-03-21,5.541666666666667,,5.209247215989224
612,Redwood City,2020-03-22,4.833333333333333,,5.209247215989224
613,Gilroy-9th Street,2020-03-22,5.090909090909091,,5.209247215989224
614,San Francisco-Arkansas Street,2020-03-22,6.291666666666667,,5.209247215989224
615,Vallejo-304 Tuolumne Street,2020-03-22,0.875,,5.209247215989224
618,Oakland-9925 International Blvd,2020-03-22,6.125,,5.209247215989224
619,Livermore-793 Rincon Avenue,2020-03-22,5.708333333333333,,5.209247215989224
620,San Jose-Jackson Street,2020-03-22,6.875,,5.209247215989224
622,Oakland-West,2020-03-22,5.875,,5.209247215989224
623,Oakland-Laney College                   ,2020-03-22,4.416666666666667,,5.209247215989224
624,Sebastopol-103 Morris Street            ,2020-03-22,5.541666666666667,,5.209247215989224
625,San Jose-Knox Avenue                    ,2020-03-22,6.958333333333333,,5.209247215989224
626,Berkeley-Aquatic Park                   ,2020-03-22,7.25,,5.209247215989224
627,Napa-Valley College,2020-03-22,2.125,,5.209247215989224
628,Pleasanton-Owens Ct                     ,2020-03-22,5.291666666666667,,5.209247215989224
629,Redwood City,2020-03-23,5.375,,5.209247215989224
630,Gilroy-9th Street,2020-03-23,3.5,,5.209247215989224
631,San Francisco-Arkansas Street,2020-03-23,6.666666666666667,,5.209247215989224
632,Vallejo-304 Tuolumne Street,2020-03-23,3.0,,5.209247215989224
633,San Rafael,2020-03-23,5.7272727272727275,,5.209247215989224
634,Concord-2956-A Treat Blvd,2020-03-23,7.25,,5.209247215989224
635,Oakland-9925 International Blvd,2020-03-23,5.565217391304348,,5.209247215989224
636,Livermore-793 Rincon Avenue,2020-03-23,6.043478260869565,,5.209247215989224
637,San Jose-Jackson Street,2020-03-23,4.375,,5.209247215989224
639,Oakland-West,2020-03-23,5.25,,5.209247215989224
640,Oakland-Laney College                   ,2020-03-23,5.083333333333333,,5.209247215989224
641,Sebastopol-103 Morris Street            ,2020-03-23,5.695652173913044,,5.209247215989224
642,San Jose-Knox Avenue                    ,2020-03-23,6.521739130434782,,5.209247215989224
643,Berkeley-Aquatic Park                   ,2020-03-23,6.958333333333333,,5.209247215989224
644,Napa-Valley College,2020-03-23,1.0,,5.209247215989224
645,Pleasanton-Owens Ct                     ,2020-03-23,7.458333333333333,,5.209247215989224
646,Redwood City,2020-03-24,2.5652173913043477,,5.209247215989224
647,Gilroy-9th Street,2020-03-24,3.0,,5.209247215989224
648,San Francisco-Arkansas Street,2020-03-24,2.0416666666666665,,5.209247215989224
649,Vallejo-304 Tuolumne Street,2020-03-24,3.739130434782609,,5.209247215989224
650,San Rafael,2020-03-24,2.25,,5.209247215989224
651,Concord-2956-A Treat Blvd,2020-03-24,3.3333333333333335,,5.209247215989224
652,Oakland-9925 International Blvd,2020-03-24,2.0416666666666665,,5.209247215989224
653,Livermore-793 Rincon Avenue,2020-03-24,2.7916666666666665,,5.209247215989224
654,San Jose-Jackson Street,2020-03-24,4.521739130434782,,5.209247215989224
655,San Pablo-Rumrill Blvd,2020-03-24,6.6,,5.209247215989224
656,Oakland-West,2020-03-24,1.3333333333333333,,5.209247215989224
657,Oakland-Laney College                   ,2020-03-24,2.2083333333333335,,5.209247215989224
658,Sebastopol-103 Morris Street            ,2020-03-24,3.7916666666666665,,5.209247215989224
659,San Jose-Knox Avenue                    ,2020-03-24,4.041666666666667,,5.209247215989224
660,Berkeley-Aquatic Park                   ,2020-03-24,3.5,,5.209247215989224
661,Napa-Valley College,2020-03-24,2.380952380952381,,5.209247215989224
662,Pleasanton-Owens Ct                     ,2020-03-24,4.3478260869565215,,5.209247215989224
663,Redwood City,2020-03-25,2.7083333333333335,,5.209247215989224
664,Gilroy-9th Street,2020-03-25,3.625,,5.209247215989224
665,San Francisco-Arkansas Street,2020-03-25,1.625,,5.209247215989224
666,Vallejo-304 Tuolumne Street,2020-03-25,2.7916666666666665,,5.209247215989224
667,San Rafael,2020-03-25,1.3333333333333333,,5.209247215989224
668,Concord-2956-A Treat Blvd,2020-03-25,3.75,,5.209247215989224
669,Oakland-9925 International Blvd,2020-03-25,3.5833333333333335,,5.209247215989224
670,Livermore-793 Rincon Avenue,2020-03-25,1.8333333333333333,,5.209247215989224
671,San Jose-Jackson Street,2020-03-25,1.625,,5.209247215989224
672,San Pablo-Rumrill Blvd,2020-03-25,3.7916666666666665,,5.209247215989224
673,Oakland-West,2020-03-25,0.8333333333333334,,5.209247215989224
674,Oakland-Laney College                   ,2020-03-25,1.625,,5.209247215989224
675,Sebastopol-103 Morris Street            ,2020-03-25,2.875,,5.209247215989224
676,San Jose-Knox Avenue                    ,2020-03-25,4.583333333333333,,5.209247215989224
677,Berkeley-Aquatic Park                   ,2020-03-25,2.9130434782608696,,5.209247215989224
678,Napa-Valley College,2020-03-25,3.7083333333333335,,5.209247215989224
679,Pleasanton-Owens Ct                     ,2020-03-25,3.7083333333333335,,5.209247215989224
680,Redwood City,2020-03-26,3.8333333333333335,,5.209247215989224
681,Gilroy-9th Street,2020-03-26,3.8181818181818183,,5.209247215989224
682,San Francisco-Arkansas Street,2020-03-26,3.4166666666666665,,5.209247215989224
683,Vallejo-304 Tuolumne Street,2020-03-26,4.666666666666667,,5.209247215989224
684,San Rafael,2020-03-26,2.3333333333333335,,5.209247215989224
685,Concord-2956-A Treat Blvd,2020-03-26,3.0416666666666665,,5.209247215989224
686,Oakland-9925 International Blvd,2020-03-26,4.043478260869565,,5.209247215989224
687,Livermore-793 Rincon Avenue,2020-03-26,2.4166666666666665,,5.209247215989224
688,San Jose-Jackson Street,2020-03-26,3.0833333333333335,,5.209247215989224
689,San Pablo-Rumrill Blvd,2020-03-26,3.0,,5.209247215989224
690,Oakland-West,2020-03-26,1.2727272727272727,,5.209247215989224
691,Oakland-Laney College                   ,2020-03-26,1.9565217391304348,,5.209247215989224
692,Sebastopol-103 Morris Street            ,2020-03-26,4.125,,5.209247215989224
693,San Jose-Knox Avenue                    ,2020-03-26,4.416666666666667,,5.209247215989224
694,Berkeley-Aquatic Park                   ,2020-03-26,2.7,,5.209247215989224
695,Napa-Valley College,2020-03-26,1.5833333333333333,,5.209247215989224
696,Pleasanton-Owens Ct                     ,2020-03-26,3.4583333333333335,,5.209247215989224
697,Redwood City,2020-03-27,9.125,,5.209247215989224
698,Gilroy-9th Street,2020-03-27,6.260869565217392,,5.209247215989224
699,San Francisco-Arkansas Street,2020-03-27,7.3478260869565215,,5.209247215989224
700,Vallejo-304 Tuolumne Street,2020-03-27,8.0,,5.209247215989224
701,San Rafael,2020-03-27,7.75,,5.209247215989224
702,Concord-2956-A Treat Blvd,2020-03-27,9.25,,5.209247215989224
703,Oakland-9925 International Blvd,2020-03-27,8.75,,5.209247215989224
704,Livermore-793 Rincon Avenue,2020-03-27,7.086956521739131,,5.209247215989224
705,San Jose-Jackson Street,2020-03-27,7.875,,5.209247215989224
706,San Pablo-Rumrill Blvd,2020-03-27,8.521739130434783,,5.209247215989224
707,Oakland-West,2020-03-27,6.608695652173913,,5.209247215989224
708,Oakland-Laney College                   ,2020-03-27,8.166666666666666,,5.209247215989224
709,Sebastopol-103 Morris Street            ,2020-03-27,8.166666666666666,,5.209247215989224
710,San Jose-Knox Avenue                    ,2020-03-27,9.041666666666666,,5.209247215989224
712,Napa-Valley College,2020-03-27,7.625,,5.209247215989224
713,Pleasanton-Owens Ct                     ,2020-03-27,8.458333333333334,,5.209247215989224
714,Redwood City,2020-03-28,9.833333333333334,,5.209247215989224
715,Gilroy-9th Street,2020-03-28,10.0,,5.209247215989224
716,San Francisco-Arkansas Street,2020-03-28,9.166666666666666,,5.209247215989224
717,Vallejo-304 Tuolumne Street,2020-03-28,10.333333333333334,,5.209247215989224
718,San Rafael,2020-03-28,9.25,,5.209247215989224
719,Concord-2956-A Treat Blvd,2020-03-28,8.291666666666666,,5.209247215989224
720,Oakland-9925 International Blvd,2020-03-28,10.333333333333334,,5.209247215989224
721,Livermore-793 Rincon Avenue,2020-03-28,7.75,,5.209247215989224
722,San Jose-Jackson Street,2020-03-28,12.458333333333334,,5.209247215989224
723,San Pablo-Rumrill Blvd,2020-03-28,13.125,,5.209247215989224
724,Oakland-West,2020-03-28,8.333333333333334,,5.209247215989224
725,Oakland-Laney College                   ,2020-03-28,8.416666666666666,,5.209247215989224
726,Sebastopol-103 Morris Street            ,2020-03-28,8.434782608695652,,5.209247215989224
727,San Jose-Knox Avenue                    ,2020-03-28,10.666666666666666,,5.209247215989224
729,Napa-Valley College,2020-03-28,8.458333333333334,,5.209247215989224
730,Pleasanton-Owens Ct                     ,2020-03-28,10.291666666666666,,5.209247215989224
731,Redwood City,2020-03-29,6.538461538461538,,5.209247215989224
732,Gilroy-9th Street,2020-03-29,7.6923076923076925,,5.209247215989224
733,San Francisco-Arkansas Street,2020-03-29,6.6923076923076925,,5.209247215989224
734,Vallejo-304 Tuolumne Street,2020-03-29,8.461538461538462,,5.209247215989224
735,San Rafael,2020-03-29,6.076923076923077,,5.209247215989224
736,Concord-2956-A Treat Blvd,2020-03-29,6.538461538461538,,5.209247215989224
737,Oakland-9925 International Blvd,2020-03-29,6.0,,5.209247215989224
738,Livermore-793 Rincon Avenue,2020-03-29,5.0,,5.209247215989224
739,San Jose-Jackson Street,2020-03-29,6.3076923076923075,,5.209247215989224
740,San Pablo-Rumrill Blvd,2020-03-29,7.846153846153846,,5.209247215989224
741,Oakland-West,2020-03-29,5.6923076923076925,,5.209247215989224
742,Oakland-Laney College                   ,2020-03-29,6.3076923076923075,,5.209247215989224
743,Sebastopol-103 Morris Street            ,2020-03-29,6.769230769230769,,5.209247215989224
744,San Jose-Knox Avenue                    ,2020-03-29,6.538461538461538,,5.209247215989224
746,Napa-Valley College,2020-03-29,6.666666666666667,,5.209247215989224
747,Pleasanton-Owens Ct                     ,2020-03-29,7.615384615384615,,5.209247215989224
